FeatureCode,Commodity,FurtherCode,CropStage,StartDate,EndDate
3,100300,1,3,1900-05-21,1900-07-21
3,100300,1,4,1900-10-21,1900-12-11
3,100300,1,1,1900-12-21,1900-05-11
3,070820_00,1,4,1900-04-21,1900-06-11
3,070820_00,1,1,1900-06-21,1900-07-01
3,070820_00,1,3,1900-07-11,1900-08-21
3,121490_01,1,1,1900-05-01,1900-05-11
3,121490_01,1,3,1900-05-21,1900-10-21
3,121490_01,1,4,1900-11-01,1900-04-21
3,1005,1,4,1900-04-21,1900-06-11
3,1005,1,1,1900-06-21,1900-08-11
3,1005,1,3,1900-08-21,1900-10-21
3,100400,1,3,1900-05-21,1900-07-21
3,100400,1,4,1900-10-21,1900-12-11
3,100400,1,1,1900-12-21,1900-05-11
3,071010,1,5,1900-02-21,1900-04-11
3,071010,1,1,1900-04-21,1900-05-11
3,071010,1,3,1900-05-21,1900-09-11
3,1002,1,3,1900-05-21,1900-07-21
3,1002,1,4,1900-10-21,1900-12-11
3,1002,1,1,1900-12-21,1900-05-11
3,07_00,56,5,1900-04-21,1900-05-11
3,07_00,56,2,1900-05-21,1900-08-11
3,07_00,56,3,1900-08-21,1900-10-11
3,07_00,57,5,1900-02-21,1900-03-11
3,07_00,57,2,1900-03-21,1900-08-21
3,07_00,57,3,1900-09-01,1900-10-21
3,07_00,64,3,1900-02-21,1900-04-11
3,07_00,64,5,1900-10-11,1900-11-21
3,07_00,64,1,1900-12-01,1900-02-11
3,1001_00,1,3,1900-06-01,1900-07-21
3,1001_00,1,4,1900-10-21,1900-12-11
3,1001_00,1,1,1900-12-21,1900-05-21
4,100300,1,1,1900-01-21,1900-06-01
4,100300,1,3,1900-06-11,1900-07-11
4,100300,1,4,1900-10-11,1900-01-11
4,1006,1,4,1900-03-11,1900-06-11
4,1006,1,1,1900-06-21,1900-09-01
4,1006,1,3,1900-09-11,1900-10-11
4,100700,1,1,1900-01-21,1900-06-01
4,100700,1,3,1900-06-11,1900-08-11
4,100700,1,4,1900-10-11,1900-01-11
4,1212_03,1,4,1900-02-01,1900-03-11
4,1212_03,1,1,1900-03-21,1900-07-01
4,1212_03,1,3,1900-07-11,1900-08-11
4,1001_00,1,1,1900-01-21,1900-06-01
4,1001_00,1,3,1900-06-11,1900-08-11
4,1001_00,1,4,1900-10-11,1900-01-11
8,1005,1,3,1900-03-01,1900-04-21
8,1005,1,4,1900-09-01,1900-11-01
8,1005,1,1,1900-11-11,1900-02-21
8,100820,1,3,1900-05-01,1900-06-21
8,100820,1,4,1900-11-01,1900-12-21
8,071010,1,3,1900-01-11,1900-05-11
8,071010,1,4,1900-08-11,1900-09-11
8,071010,1,1,1900-09-21,1900-01-01
8,1006,1,3,1900-03-11,1900-05-11
8,1006,1,4,1900-10-11,1900-12-11
8,1006,1,1,1900-12-21,1900-03-01
8,100700,1,1,1900-01-11,1900-04-21
8,100700,1,3,1900-05-01,1900-06-21
8,100700,1,4,1900-11-01,1900-01-01
8,1001_00,1,4,1900-05-01,1900-05-21
8,1001_00,1,1,1900-06-01,1900-09-21
8,1001_00,1,3,1900-10-01,1900-10-21
12,100300,1,4,1900-06-11,1900-09-11
12,100300,1,1,1900-09-21,1900-11-01
12,100300,1,3,1900-11-11,1900-01-11
12,200830,1,3,1900-04-01,1900-12-21
12,52,1,3,1900-02-21,1900-06-21
12,52,1,4,1900-09-01,1900-11-21
12,52,1,1,1900-12-01,1900-02-11
12,1005,1,3,1900-03-01,1900-05-21
12,1005,1,4,1900-09-21,1900-12-11
12,1005,1,1,1900-12-21,1900-02-21
12,100820,1,4,1900-09-11,1900-12-11
12,100820,1,3,1900-12-21,1900-05-01
12,1006,1,3,1900-03-11,1900-06-11
12,1006,1,4,1900-09-11,1900-12-11
12,1006,1,1,1900-12-21,1900-03-01
12,100700,1,3,1900-03-01,1900-06-21
12,100700,1,4,1900-10-01,1900-12-21
12,120100_00,1,1,1900-01-01,1900-03-21
12,120100_00,1,3,1900-04-01,1900-05-21
12,120100_00,4,1,1900-02-01,1900-04-21
12,120100_00,4,3,1900-05-01,1900-06-21
12,120600_00,1,3,1900-02-21,1900-05-11
12,120600_00,1,4,1900-09-21,1900-12-11
12,120600_00,1,1,1900-12-21,1900-02-11
12,1001_00,64,4,1900-06-11,1900-09-11
12,1001_00,64,1,1900-09-21,1900-10-21
12,1001_00,64,3,1900-11-01,1900-01-11
13,10_01,1,4,1900-04-01,1900-06-21
13,10_01,1,1,1900-07-01,1900-07-21
13,10_01,1,3,1900-08-01,1900-09-21
13,1001_00,64,3,1900-05-01,1900-07-21
13,1001_00,64,4,1900-08-01,1900-10-21
13,1001_00,64,1,1900-11-01,1900-04-21
19,52,1,4,1900-04-01,1900-04-21
19,52,1,1,1900-05-01,1900-08-21
19,52,1,3,1900-09-01,1900-10-21
19,10_06,64,1,1900-01-01,1900-05-21
19,10_06,64,3,1900-06-01,1900-07-21
19,10_06,64,4,1900-11-01,1900-12-21
19,10_06,55,4,1900-03-01,1900-04-21
19,10_06,55,1,1900-05-01,1900-06-21
19,10_06,55,3,1900-07-01,1900-08-21
19,071010,14,4,1900-02-01,1900-03-21
19,071010,14,1,1900-04-01,1900-05-21
19,071010,14,3,1900-06-01,1900-07-21
19,071010,27,4,1900-04-01,1900-05-21
19,071010,27,1,1900-06-01,1900-07-21
19,071010,27,3,1900-08-01,1900-09-21
23,071010,1,1,1900-01-01,1900-03-11
23,071010,1,3,1900-03-21,1900-05-11
23,071010,1,4,1900-10-11,1900-12-21
23,1006,41,4,1900-05-21,1900-08-11
23,1006,41,1,1900-08-21,1900-10-21
23,1006,41,3,1900-11-01,1900-12-11
23,1006,42,4,1900-03-11,1900-05-11
23,1006,42,1,1900-05-21,1900-06-11
23,1006,42,3,1900-06-21,1900-08-11
23,1006,44,1,1900-02-01,1900-04-11
23,1006,44,3,1900-04-21,1900-05-11
23,1006,44,4,1900-11-21,1900-01-21
23,100700,1,4,1900-05-11,1900-10-01
23,100700,1,1,1900-10-11,1900-11-11
23,100700,1,3,1900-11-21,1900-12-21
23,1001_00,1,1,1900-01-11,1900-03-11
23,1001_00,1,3,1900-03-21,1900-04-21
23,1001_00,1,4,1900-11-11,1900-01-01
26,100300,55,4,1900-04-01,1900-05-21
26,100300,55,1,1900-06-01,1900-07-21
26,100300,55,3,1900-08-01,1900-09-21
26,10,55,4,1900-04-01,1900-06-21
26,10,55,3,1900-07-01,1900-09-21
26,10,64,3,1900-07-01,1900-08-11
26,10,64,4,1900-08-21,1900-10-21
26,10,64,1,1900-11-01,1900-06-21
26,1002,64,3,1900-07-01,1900-08-01
26,1002,64,4,1900-08-11,1900-09-11
26,1002,64,1,1900-09-21,1900-06-21
29,071410,1,4,1900-05-01,1900-06-21
29,071410,1,1,1900-07-01,1900-11-21
29,071410,1,3,1900-12-01,1900-01-21
29,1006,21,4,1900-05-01,1900-07-21
29,1006,21,1,1900-08-01,1900-10-21
29,1006,21,3,1900-11-01,1900-01-21
29,1005,27,4,1900-03-01,1900-04-21
29,1005,27,1,1900-05-01,1900-07-21
29,1005,27,3,1900-08-01,1900-09-21
29,1005,47,4,1900-08-01,1900-09-21
29,1005,47,1,1900-10-01,1900-11-21
29,1005,47,3,1900-12-01,1900-01-21
29,100820,1,4,1900-05-01,1900-07-21
29,100820,1,1,1900-08-01,1900-09-21
29,100820,1,3,1900-10-01,1900-11-21
29,1006,1,4,1900-04-01,1900-05-21
29,1006,1,1,1900-06-01,1900-07-21
29,1006,1,3,1900-08-01,1900-09-21
29,100700,1,4,1900-05-01,1900-07-21
29,100700,1,1,1900-08-01,1900-09-21
29,100700,1,3,1900-10-01,1900-11-21
29,071490_01,1,4,1900-02-01,1900-03-21
29,071490_01,1,1,1900-04-01,1900-06-21
29,071490_01,1,3,1900-07-01,1900-01-21
33,100300,1,3,1900-03-11,1900-05-11
33,100300,1,4,1900-10-11,1900-12-11
33,100300,1,1,1900-12-21,1900-03-01
33,1005,1,3,1900-03-11,1900-05-11
33,1005,1,4,1900-09-11,1900-11-11
33,1005,1,1,1900-11-21,1900-03-01
33,071010,1,3,1900-03-11,1900-05-11
33,071010,1,4,1900-08-21,1900-11-11
33,071010,1,1,1900-11-21,1900-03-01
33,1006,1,3,1900-03-11,1900-05-11
33,1006,1,4,1900-11-01,1900-11-21
33,1006,1,1,1900-12-01,1900-03-01
33,120100_00,1,3,1900-04-11,1900-05-11
33,120100_00,1,4,1900-11-01,1900-11-21
33,120100_00,1,1,1900-12-01,1900-04-01
33,071420,1,3,1900-04-11,1900-08-11
33,071420,1,4,1900-12-01,1900-12-21
33,1001_00,1,3,1900-04-11,1900-06-11
33,1001_00,1,4,1900-11-11,1900-12-11
33,1001_00,1,1,1900-12-21,1900-04-01
35,1005,1,1,1900-02-01,1900-04-11
35,1005,1,3,1900-04-21,1900-06-21
35,1005,1,4,1900-11-11,1900-01-21
35,100820,1,1,1900-01-01,1900-05-01
35,100820,1,3,1900-05-11,1900-06-11
35,100820,1,4,1900-11-11,1900-12-11
35,100700,1,1,1900-02-01,1900-04-21
35,100700,1,3,1900-05-01,1900-06-21
35,100700,1,4,1900-12-01,1900-01-21
35,1001_00,1,4,1900-05-01,1900-05-21
35,1001_00,1,1,1900-06-01,1900-09-21
35,1001_00,1,3,1900-10-01,1900-10-21
37,100300,1,4,1900-05-11,1900-07-11
37,100300,1,1,1900-07-21,1900-10-01
37,100300,1,3,1900-10-11,1900-12-11
37,0901,1,3,1900-06-01,1900-08-21
37,52,11,3,1900-02-01,1900-05-21
37,52,11,4,1900-09-01,1900-11-21
37,52,11,1,1900-12-01,1900-01-21
37,52,34,4,1900-04-01,1900-05-21
37,52,34,1,1900-06-01,1900-07-21
37,52,34,3,1900-08-01,1900-01-21
37,1005,29,1,1900-01-01,1900-01-21
37,1005,29,3,1900-02-01,1900-06-21
37,1005,29,4,1900-10-01,1900-12-21
37,1005,34,4,1900-03-01,1900-05-21
37,1005,34,1,1900-06-01,1900-09-21
37,1005,34,3,1900-10-01,1900-12-21
37,1005,49,4,1900-01-01,1900-02-21
37,1005,49,1,1900-03-01,1900-05-21
37,1005,49,3,1900-06-01,1900-08-21
37,080510,1,3,1900-05-01,1900-12-21
37,1006,11,1,1900-01-01,1900-05-21
37,1006,31,1,1900-03-01,1900-05-21
37,1006,31,3,1900-06-01,1900-08-21
37,1006,34,4,1900-01-01,1900-02-21
37,1006,34,1,1900-03-01,1900-05-21
37,1006,34,3,1900-06-01,1900-08-21
37,100700,1,1,1900-03-21,1900-04-01
37,100700,1,3,1900-04-11,1900-08-11
37,100700,1,4,1900-10-11,1900-03-11
37,120100_00,1,1,1900-01-01,1900-03-01
37,120100_00,1,3,1900-03-11,1900-05-21
37,120100_00,1,4,1900-10-01,1900-12-21
37,1001_00,65,4,1900-05-01,1900-06-21
37,1001_00,65,1,1900-07-01,1900-09-21
37,1001_00,65,3,1900-10-01,1900-12-21
37,1001_00,66,4,1900-04-01,1900-05-21
37,1001_00,66,1,1900-06-01,1900-08-21
37,1001_00,66,3,1900-09-01,1900-11-21
42,1005,1,4,1900-04-01,1900-06-21
42,1005,1,1,1900-07-01,1900-07-21
42,1005,1,3,1900-08-01,1900-11-21
42,100820,1,4,1900-05-01,1900-07-21
42,100820,1,1,1900-08-01,1900-08-21
42,100820,1,3,1900-09-01,1900-12-21
42,1006,1,1,1900-01-01,1900-02-21
42,1006,1,3,1900-03-01,1900-04-21
42,1006,1,4,1900-12-01,1900-12-21
42,100700,1,4,1900-05-01,1900-07-21
42,100700,1,1,1900-08-01,1900-08-21
43,070820_00,27,4,1900-09-01,1900-10-21
43,070820_00,27,1,1900-11-01,1900-11-21
43,070820_00,27,3,1900-12-01,1900-01-21
43,070820_00,47,4,1900-02-01,1900-03-21
43,070820_00,47,1,1900-04-01,1900-04-21
43,070820_00,47,3,1900-05-01,1900-06-21
43,1005,27,3,1900-01-01,1900-02-21
43,1005,27,4,1900-09-01,1900-10-21
43,1005,27,1,1900-11-01,1900-12-21
43,1005,47,4,1900-02-01,1900-03-21
43,1005,47,1,1900-04-01,1900-05-21
43,1005,47,3,1900-06-01,1900-07-21
43,100700,27,3,1900-01-01,1900-02-21
43,100700,27,4,1900-09-01,1900-10-21
43,100700,27,1,1900-11-01,1900-12-21
43,100700,47,4,1900-02-01,1900-03-21
43,100700,47,1,1900-04-01,1900-05-21
43,100700,47,3,1900-06-01,1900-07-21
44,1005,1,4,1900-05-01,1900-06-21
44,1005,1,1,1900-07-01,1900-08-21
44,1005,1,3,1900-09-01,1900-10-21
44,1006,13,1,1900-02-01,1900-02-21
44,1006,13,3,1900-03-01,1900-04-21
44,1006,13,4,1900-11-01,1900-01-21
44,1006,28,4,1900-06-01,1900-10-11
44,1006,28,1,1900-10-21,1900-11-21
44,1006,28,3,1900-12-01,1900-02-21
45,071410,1,4,1900-05-01,1900-06-21
45,071410,1,1,1900-07-01,1900-11-21
45,071410,1,3,1900-12-01,1900-01-21
45,1005,27,4,1900-03-01,1900-06-21
45,1005,27,3,1900-07-01,1900-10-21
45,1005,47,4,1900-08-01,1900-09-21
45,1005,47,1,1900-10-01,1900-11-21
45,1005,47,3,1900-12-01,1900-01-21
45,100820,1,4,1900-05-01,1900-07-21
45,100820,1,1,1900-08-01,1900-08-21
45,100820,1,3,1900-09-01,1900-11-21
45,1006,1,4,1900-05-01,1900-07-21
45,1006,1,1,1900-08-01,1900-10-21
45,1006,1,3,1900-11-01,1900-12-21
45,100700,1,4,1900-05-01,1900-07-21
45,100700,1,1,1900-08-01,1900-08-21
45,100700,1,3,1900-09-01,1900-11-21
45,071490_01,1,4,1900-02-01,1900-03-21
45,071490_01,1,1,1900-04-01,1900-06-21
45,071490_01,1,3,1900-07-01,1900-01-21
47,1005,1,4,1900-07-01,1900-08-21
47,1005,1,1,1900-09-01,1900-09-21
47,1005,1,3,1900-10-01,1900-12-21
47,0708_01,1,4,1900-07-01,1900-08-21
47,0708_01,1,1,1900-09-01,1900-09-21
49,071410,1,4,1900-05-01,1900-06-21
49,071410,1,1,1900-07-01,1900-11-21
49,071410,1,3,1900-12-01,1900-01-21
49,1005,53,4,1900-03-21,1900-03-21
49,1005,53,1,1900-04-01,1900-06-21
49,1005,53,3,1900-07-01,1900-08-21
49,1005,54,4,1900-08-01,1900-09-11
49,1005,54,1,1900-09-21,1900-11-21
49,1005,54,3,1900-12-01,1900-12-21
49,100820,1,4,1900-06-01,1900-07-21
49,100820,1,1,1900-08-01,1900-09-21
49,100820,1,3,1900-10-01,1900-11-11
49,1006,1,4,1900-05-01,1900-08-21
49,1006,1,1,1900-09-01,1900-11-11
49,1006,1,3,1900-11-21,1900-12-21
49,100700,1,4,1900-06-01,1900-06-21
49,100700,1,1,1900-07-01,1900-10-01
49,100700,1,3,1900-10-11,1900-11-11
49,071490_01,1,4,1900-02-01,1900-03-21
49,071490_01,1,1,1900-04-01,1900-06-21
49,071490_01,1,3,1900-07-01,1900-01-21
50,1005,1,4,1900-06-01,1900-07-21
50,1005,1,1,1900-08-01,1900-08-21
50,1005,1,3,1900-09-01,1900-10-21
50,100820,1,4,1900-05-01,1900-07-21
50,100820,1,1,1900-08-01,1900-08-21
50,100820,1,3,1900-09-01,1900-10-21
50,1006,1,4,1900-06-01,1900-07-21
50,1006,1,3,1900-08-01,1900-11-21
50,100700,1,4,1900-06-01,1900-07-21
50,100700,1,1,1900-08-01,1900-08-21
50,100700,1,3,1900-09-01,1900-11-21
51,100300,1,4,1900-06-21,1900-10-11
51,100300,1,1,1900-10-21,1900-12-01
51,100300,1,3,1900-12-11,1900-02-11
51,1005,1,3,1900-02-11,1900-05-11
51,1005,1,4,1900-09-21,1900-12-11
51,1005,1,1,1900-12-21,1900-02-01
51,1006,1,3,1900-03-11,1900-05-01
51,1006,1,4,1900-10-11,1900-12-11
51,1006,1,1,1900-12-21,1900-03-01
51,1212_03,1,3,1900-03-11,1900-08-11
51,1212_03,1,4,1900-08-21,1900-10-11
51,1212_03,1,1,1900-10-21,1900-03-01
51,1001_00,1,4,1900-04-11,1900-08-11
51,1001_00,1,1,1900-08-21,1900-12-01
51,1001_00,1,3,1900-12-11,1900-02-11
53,52,1,4,1900-04-01,1900-05-11
53,52,1,1,1900-05-21,1900-08-21
53,52,1,3,1900-09-01,1900-10-21
53,1202_00,1,4,1900-05-01,1900-05-21
53,1202_00,1,1,1900-06-01,1900-09-11
53,1202_00,1,3,1900-09-21,1900-10-21
53,1005,31,4,1900-04-21,1900-06-21
53,1005,31,1,1900-07-01,1900-08-21
53,1005,31,3,1900-09-01,1900-10-11
53,1005,52,4,1900-02-21,1900-04-11
53,1005,52,1,1900-04-21,1900-06-21
53,1005,52,3,1900-07-01,1900-08-21
53,1205_00,1,1,1900-01-01,1900-03-21
53,1205_00,1,3,1900-04-01,1900-05-21
53,1205_00,1,4,1900-11-01,1900-12-21
53,1006,15,4,1900-03-01,1900-04-21
53,1006,15,1,1900-05-01,1900-05-21
53,1006,15,3,1900-06-01,1900-07-21
53,1006,25,4,1900-06-01,1900-07-21
53,1006,25,1,1900-08-01,1900-09-21
53,1006,25,3,1900-10-01,1900-11-21
53,1006,51,4,1900-04-01,1900-06-11
53,1006,51,1,1900-06-21,1900-08-11
53,1006,51,3,1900-08-21,1900-10-01
53,120100_00,1,4,1900-04-21,1900-05-21
53,120100_00,1,1,1900-06-01,1900-08-21
53,120100_00,1,3,1900-09-01,1900-10-11
53,1212_03,1,4,1900-04-01,1900-05-01
53,1212_03,1,1,1900-05-11,1900-09-21
53,1212_03,1,3,1900-10-01,1900-11-21
53,1001_00,58,4,1900-03-11,1900-04-21
53,1001_00,58,1,1900-05-01,1900-07-01
53,1001_00,58,3,1900-07-11,1900-08-11
53,1001_00,64,3,1900-05-21,1900-06-21
53,1001_00,64,4,1900-09-11,1900-10-21
53,1001_00,64,1,1900-11-01,1900-05-11
57,100300,1,4,1900-01-11,1900-05-11
57,100300,1,1,1900-05-21,1900-06-01
57,100300,1,3,1900-06-11,1900-09-11
57,1005,1,4,1900-02-11,1900-04-11
57,1005,1,1,1900-04-21,1900-07-21
57,1005,1,3,1900-08-01,1900-09-21
57,1006,1,4,1900-02-11,1900-03-11
57,1006,1,1,1900-03-21,1900-08-01
57,1006,1,3,1900-08-11,1900-10-11
57,100700,1,4,1900-01-11,1900-04-11
57,100700,1,1,1900-04-21,1900-05-01
57,100700,1,3,1900-05-11,1900-08-11
57,120100_00,1,4,1900-08-11,1900-09-11
57,120100_00,1,1,1900-09-21,1900-12-01
57,120100_00,1,3,1900-12-11,1900-02-11
57,1001_00,1,4,1900-02-21,1900-04-21
57,1001_00,1,1,1900-05-01,1900-06-01
57,1001_00,1,3,1900-06-11,1900-09-11
68,071410,31,4,1900-04-01,1900-08-21
68,071410,31,3,1900-09-01,1900-03-21
68,071410,52,3,1900-03-01,1900-09-21
68,071410,52,4,1900-10-01,1900-02-21
68,1005,8,4,1900-07-01,1900-09-21
68,1005,8,1,1900-10-01,1900-10-21
68,1005,8,3,1900-11-01,1900-01-21
68,1005,10,1,1900-02-01,1900-02-21
68,1005,10,3,1900-03-01,1900-05-21
68,1005,10,4,1900-11-01,1900-01-21
68,1005,18,1,1900-01-01,1900-02-21
68,1005,18,3,1900-03-01,1900-05-21
68,1005,18,4,1900-11-01,1900-12-21
68,1005,32,4,1900-06-01,1900-07-21
68,1005,32,1,1900-08-01,1900-09-21
68,1005,32,3,1900-10-01,1900-11-21
68,1005,33,4,1900-02-01,1900-03-21
68,1005,33,1,1900-04-01,1900-05-21
68,1005,33,3,1900-06-01,1900-07-21
68,1005,53,3,1900-01-01,1900-02-21
68,1005,53,4,1900-09-01,1900-10-21
68,1005,53,1,1900-11-01,1900-12-21
68,1005,54,4,1900-01-01,1900-02-21
68,1005,54,1,1900-03-01,1900-04-21
68,1005,54,3,1900-05-01,1900-06-21
68,100820,1,4,1900-04-01,1900-06-21
68,100820,1,1,1900-07-01,1900-08-21
68,100820,1,3,1900-09-01,1900-11-21
68,1006,31,4,1900-07-01,1900-08-21
68,1006,31,1,1900-09-01,1900-10-21
68,1006,31,3,1900-11-01,1900-11-21
68,1006,52,1,1900-02-01,1900-04-21
68,1006,52,3,1900-05-01,1900-05-21
68,1006,52,4,1900-12-01,1900-01-21
68,100700,1,4,1900-04-01,1900-06-21
68,100700,1,1,1900-07-01,1900-08-21
68,100700,1,3,1900-09-01,1900-11-21
68,071490_01,1,4,1900-02-01,1900-03-21
68,071490_01,1,1,1900-04-01,1900-06-21
59,071410,1,4,1900-04-01,1900-08-21
59,071410,1,3,1900-09-01,1900-03-21
59,1005,27,4,1900-08-01,1900-11-21
59,1005,27,3,1900-12-01,1900-02-21
59,1005,47,4,1900-02-01,1900-03-21
59,1005,47,1,1900-04-01,1900-05-21
59,1005,47,3,1900-06-01,1900-07-21
59,071490_01,1,4,1900-02-01,1900-03-21
59,071490_01,1,1,1900-04-01,1900-06-21
59,071490_01,1,3,1900-07-01,1900-12-21
61,1005,27,4,1900-04-01,1900-05-21
61,1005,27,1,1900-06-01,1900-07-21
61,1005,27,3,1900-08-01,1900-09-21
61,1005,47,4,1900-08-01,1900-09-21
61,1005,47,1,1900-10-01,1900-10-21
61,1005,47,3,1900-11-01,1900-01-21
61,1006,27,4,1900-04-01,1900-05-21
61,1006,27,1,1900-06-01,1900-07-21
61,1006,27,3,1900-08-01,1900-09-21
61,1006,47,4,1900-08-01,1900-09-21
61,1006,47,1,1900-10-01,1900-10-21
61,1006,47,3,1900-11-01,1900-01-21
61,100700,1,3,1900-04-01,1900-04-11
61,100700,1,4,1900-09-01,1900-12-11
61,100700,1,1,1900-12-21,1900-03-21
66,071410,6,4,1900-03-01,1900-05-21
66,071410,6,1,1900-06-01,1900-12-21
66,071410,7,3,1900-01-01,1900-06-21
66,1005,27,4,1900-03-01,1900-04-21
66,1005,27,1,1900-05-01,1900-07-21
66,1005,27,3,1900-08-01,1900-09-21
66,1005,47,4,1900-08-01,1900-09-21
66,1005,47,1,1900-10-01,1900-11-21
66,1005,47,3,1900-12-01,1900-01-21
66,100820,1,4,1900-05-01,1900-07-21
66,100820,1,1,1900-08-01,1900-09-21
66,100820,1,3,1900-10-01,1900-11-21
66,1006,1,4,1900-04-01,1900-07-21
66,1006,1,1,1900-08-01,1900-08-21
66,1006,1,3,1900-09-01,1900-12-21
66,100700,1,4,1900-05-01,1900-07-21
66,100700,1,1,1900-08-01,1900-09-21
66,100700,1,3,1900-10-01,1900-11-21
66,071490_01,1,4,1900-02-01,1900-03-21
66,071490_01,1,1,1900-04-01,1900-06-21
66,071490_01,1,3,1900-07-01,1900-12-21
63,1005,27,4,1900-06-01,1900-09-11
63,1005,27,3,1900-09-21,1900-12-21
63,1005,47,1,1900-01-01,1900-02-21
63,1005,47,3,1900-03-01,1900-04-21
63,1005,47,4,1900-11-01,1900-12-21
63,071010,1,1,1900-01-01,1900-01-21
63,071010,1,3,1900-02-01,1900-04-21
63,071010,1,4,1900-11-01,1900-12-21
63,1006,27,4,1900-03-01,1900-07-01
63,1006,27,3,1900-07-11,1900-12-21
63,1006,47,3,1900-03-01,1900-07-21
63,1006,47,4,1900-12-01,1900-02-21
63,071420,1,4,1900-06-21,1900-08-11
63,071420,1,1,1900-08-21,1900-10-01
63,071420,1,3,1900-10-11,1900-01-11
64,100300,1,3,1900-05-11,1900-06-21
64,100300,1,4,1900-10-11,1900-11-11
64,100300,1,1,1900-11-21,1900-05-01
64,071010,1,1,1900-02-21,1900-03-21
64,071010,1,3,1900-04-01,1900-06-01
64,071010,1,4,1900-12-11,1900-02-11
64,1001_00,1,1,1900-01-01,1900-05-21
64,1001_00,1,3,1900-06-01,1900-06-21
64,1001_00,1,4,1900-11-11,1900-12-21
72,1005,27,4,1900-03-01,1900-05-21
72,1005,27,1,1900-06-01,1900-06-21
72,1005,27,3,1900-07-01,1900-09-21
72,1005,47,3,1900-01-01,1900-02-21
72,1005,47,4,1900-09-01,1900-10-21
72,1005,47,1,1900-11-01,1900-12-21
72,1005,61,1,1900-02-01,1900-03-21
72,1005,61,3,1900-04-01,1900-05-21
72,1005,61,4,1900-12-01,1900-01-21
72,1006,27,1,1900-04-01,1900-04-21
72,1006,27,3,1900-05-01,1900-08-21
72,1006,27,4,1900-12-01,1900-03-21
72,1006,47,4,1900-07-01,1900-09-21
72,1006,47,1,1900-10-01,1900-11-21
72,1006,47,3,1900-12-01,1900-01-21
72,100700,27,4,1900-03-01,1900-05-21
72,100700,27,1,1900-06-01,1900-06-21
72,100700,27,3,1900-07-01,1900-08-21
72,100700,47,3,1900-01-01,1900-02-21
72,100700,47,4,1900-09-01,1900-10-21
72,100700,47,1,1900-11-01,1900-12-21
72,100700,61,1,1900-02-01,1900-03-21
72,100700,61,3,1900-04-01,1900-05-21
72,100700,61,4,1900-12-01,1900-01-21
73,100300,1,3,1900-04-01,1900-09-11
73,100300,1,4,1900-10-11,1900-03-21
73,1005,1,3,1900-06-21,1900-09-01
73,1005,1,4,1900-09-11,1900-12-11
73,1005,1,1,1900-12-21,1900-06-11
73,1006,1,1,1900-02-21,1900-04-11
73,1006,1,3,1900-04-21,1900-07-11
73,1006,1,4,1900-10-11,1900-02-11
73,1001_00,1,4,1900-01-11,1900-03-21
73,1001_00,1,1,1900-04-01,1900-04-21
73,1001_00,1,3,1900-05-01,1900-09-11
40765,100300,1,3,1900-04-11,1900-05-11
40765,100300,1,4,1900-11-11,1900-12-11
40765,100300,1,1,1900-12-21,1900-04-01
40765,1005,1,4,1900-04-21,1900-05-11
40765,1005,1,1,1900-05-21,1900-10-01
40765,1005,1,3,1900-10-11,1900-11-11
40765,100820,1,4,1900-04-11,1900-06-11
40765,100820,1,1,1900-06-21,1900-08-01
40765,100820,1,3,1900-08-11,1900-10-11
40765,1006,1,4,1900-04-21,1900-07-01
40765,1006,1,1,1900-07-11,1900-10-01
40765,1006,1,3,1900-10-11,1900-11-11
40765,1001_00,1,3,1900-05-01,1900-06-01
40765,1001_00,1,4,1900-11-01,1900-11-21
40765,1001_00,1,1,1900-12-01,1900-04-21
75,070820_00,27,4,1900-05-01,1900-05-21
75,070820_00,27,1,1900-06-01,1900-07-21
75,070820_00,27,3,1900-08-01,1900-08-21
75,070820_00,47,4,1900-08-01,1900-08-21
75,070820_00,47,1,1900-09-01,1900-11-21
75,070820_00,47,3,1900-12-01,1900-12-21
75,1005,27,4,1900-05-01,1900-06-21
75,1005,27,1,1900-07-01,1900-07-21
75,1005,27,3,1900-08-01,1900-11-21
75,1005,47,3,1900-01-01,1900-02-21
75,1005,47,4,1900-09-01,1900-09-21
75,1005,61,3,1900-02-01,1900-02-21
75,1005,61,4,1900-12-01,1900-12-21
75,1006,27,4,1900-05-01,1900-06-21
75,1006,27,1,1900-07-01,1900-10-21
75,1006,27,3,1900-11-01,1900-01-21
75,1006,47,4,1900-01-01,1900-02-21
75,1006,47,3,1900-03-01,1900-04-21
75,100700,1,4,1900-06-01,1900-07-21
75,100700,1,1,1900-08-01,1900-11-21
75,100700,1,3,1900-12-01,1900-02-11
77,100300,1,4,1900-06-01,1900-08-11
77,100300,1,1,1900-08-21,1900-11-01
77,100300,1,3,1900-11-11,1900-12-21
77,1005,1,4,1900-06-01,1900-07-21
77,1005,1,1,1900-08-01,1900-10-21
77,1005,1,3,1900-11-01,1900-12-11
77,100820,1,4,1900-06-01,1900-07-21
77,100820,1,1,1900-08-01,1900-10-21
77,100820,1,3,1900-11-01,1900-12-21
77,100700,1,4,1900-06-01,1900-07-21
77,100700,1,1,1900-08-01,1900-10-21
77,100700,1,3,1900-11-01,1900-12-21
77,1001_00,1,4,1900-07-01,1900-07-21
77,1001_00,1,1,1900-08-01,1900-11-11
77,1001_00,1,3,1900-11-21,1900-12-21
78,10,64,3,1900-07-01,1900-08-11
78,10,64,4,1900-08-21,1900-10-21
78,10,64,1,1900-11-01,1900-06-21
78,10_01,55,4,1900-04-01,1900-05-21
78,10_01,55,1,1900-06-01,1900-07-21
78,10_01,55,3,1900-08-01,1900-09-21
78,1001_00,64,3,1900-07-11,1900-08-11
78,1001_00,64,4,1900-08-21,1900-10-01
78,1001_00,64,1,1900-10-11,1900-07-01
79,10,5,4,1900-02-01,1900-03-21
79,10,5,1,1900-04-01,1900-04-21
79,10,5,3,1900-05-01,1900-06-21
79,100300,30,4,1900-05-01,1900-06-21
79,100300,30,1,1900-07-01,1900-10-21
79,100300,30,3,1900-11-01,1900-12-21
79,1005,30,4,1900-03-01,1900-05-11
79,1005,30,1,1900-05-21,1900-09-21
79,1005,30,3,1900-10-01,1900-12-01
79,100820,30,4,1900-05-01,1900-06-21
79,100820,30,1,1900-07-01,1900-10-21
79,100820,30,3,1900-11-01,1900-01-11
79,100400,30,4,1900-04-11,1900-08-21
79,100400,30,1,1900-09-01,1900-09-21
79,100400,30,3,1900-10-01,1900-01-21
79,100700,30,4,1900-03-01,1900-05-11
79,100700,30,1,1900-05-21,1900-09-21
79,100700,30,3,1900-10-01,1900-12-01
79,100890_01,30,4,1900-05-01,1900-06-21
79,100890_01,30,1,1900-07-01,1900-10-21
79,100890_01,30,3,1900-11-01,1900-12-21
79,1001_00,30,4,1900-05-01,1900-06-21
79,1001_00,30,1,1900-07-01,1900-10-21
79,1001_00,30,3,1900-11-01,1900-12-21
86,1005,1,4,1900-01-11,1900-03-11
86,1005,1,1,1900-03-21,1900-04-01
86,1005,1,3,1900-04-11,1900-06-01
86,1006,1,3,1900-05-01,1900-10-11
86,1006,1,4,1900-11-11,1900-04-21
89,071410,1,4,1900-04-01,1900-08-21
89,071410,1,3,1900-09-01,1900-03-21
89,1005,27,4,1900-09-01,1900-10-21
89,1005,27,1,1900-11-01,1900-11-21
89,1005,27,3,1900-12-01,1900-01-21
89,1005,47,4,1900-01-01,1900-02-21
89,1005,47,1,1900-03-01,1900-04-21
89,071490_01,1,4,1900-02-01,1900-03-21
89,071490_01,1,1,1900-04-01,1900-06-21
90,1202_00,1,4,1900-06-01,1900-07-21
90,1202_00,1,1,1900-08-01,1900-10-21
90,1202_00,1,3,1900-11-01,1900-02-21
90,1005,1,4,1900-05-01,1900-07-21
90,1005,1,1,1900-08-01,1900-08-21
90,1005,1,3,1900-09-01,1900-10-21
90,100820,1,4,1900-06-01,1900-07-21
90,100820,1,1,1900-08-01,1900-09-21
90,100820,1,3,1900-10-01,1900-11-11
90,1006,1,4,1900-06-01,1900-07-21
90,1006,1,1,1900-08-01,1900-09-21
90,1006,1,3,1900-10-01,1900-11-21
90,100700,1,4,1900-06-01,1900-07-21
90,100700,1,1,1900-08-01,1900-09-21
90,100700,1,3,1900-10-01,1900-11-11
92,1005,1,4,1900-04-01,1900-06-21
92,1005,1,1,1900-07-01,1900-07-21
92,1005,1,3,1900-08-01,1900-09-21
92,1001_00,64,3,1900-07-01,1900-08-11
92,1001_00,64,4,1900-08-21,1900-10-21
92,1001_00,64,1,1900-11-01,1900-06-21
94,071410,6,4,1900-03-01,1900-05-21
94,071410,6,1,1900-06-01,1900-12-21
94,071410,7,3,1900-01-01,1900-06-21
94,1005,32,4,1900-06-01,1900-06-21
94,1005,32,1,1900-07-01,1900-07-21
94,1005,32,3,1900-08-01,1900-10-21
94,1005,47,4,1900-08-01,1900-09-21
94,1005,47,1,1900-10-01,1900-11-21
94,1005,47,3,1900-12-01,1900-01-21
94,1005,53,4,1900-03-01,1900-04-21
94,1005,53,1,1900-05-01,1900-07-21
94,1005,53,3,1900-08-01,1900-09-21
94,100820,1,4,1900-05-01,1900-07-21
94,100820,1,1,1900-08-01,1900-09-21
94,100820,1,3,1900-10-01,1900-11-21
94,1006,31,4,1900-05-01,1900-07-21
94,1006,31,1,1900-08-01,1900-09-21
94,1006,31,3,1900-10-01,1900-12-21
94,1006,52,4,1900-04-01,1900-05-21
94,1006,52,1,1900-06-01,1900-08-21
94,1006,52,3,1900-09-01,1900-10-21
94,100700,1,4,1900-05-01,1900-07-21
94,100700,1,1,1900-08-01,1900-09-21
94,100700,1,3,1900-10-01,1900-11-21
94,071490_01,1,4,1900-02-01,1900-03-21
94,071490_01,1,1,1900-04-01,1900-07-21
94,071490_01,1,3,1900-08-01,1900-12-21
103,1005,27,4,1900-04-01,1900-05-21
103,1005,27,1,1900-06-01,1900-07-21
103,1005,27,3,1900-08-01,1900-11-21
103,1005,47,4,1900-08-01,1900-09-21
103,1005,47,1,1900-10-01,1900-10-21
103,1005,47,3,1900-11-01,1900-02-21
103,071010,1,4,1900-06-01,1900-06-21
103,071010,1,1,1900-07-01,1900-09-01
103,071010,1,3,1900-09-11,1900-10-11
103,1006,1,4,1900-04-01,1900-06-21
103,1006,1,1,1900-07-01,1900-08-21
103,1006,1,3,1900-09-01,1900-10-21
103,100700,27,4,1900-04-01,1900-05-21
103,100700,27,1,1900-06-01,1900-07-21
103,100700,27,3,1900-08-01,1900-11-21
103,100700,47,4,1900-08-01,1900-09-21
103,100700,47,1,1900-10-01,1900-10-21
103,100700,47,3,1900-11-01,1900-02-21
103,1001_00,1,4,1900-04-11,1900-06-11
103,1001_00,1,1,1900-06-21,1900-09-01
103,1001_00,1,3,1900-09-11,1900-11-11
106,071410,6,4,1900-03-21,1900-06-21
106,071410,6,1,1900-07-01,1900-12-21
106,071410,7,3,1900-01-01,1900-07-21
106,1005,1,4,1900-05-01,1900-06-21
106,1005,1,1,1900-07-01,1900-09-21
106,1005,1,3,1900-10-01,1900-11-21
106,100820,1,4,1900-05-01,1900-06-21
106,100820,1,1,1900-07-01,1900-09-21
106,100820,1,3,1900-10-01,1900-11-21
106,1006,1,4,1900-05-01,1900-08-21
106,1006,1,1,1900-09-01,1900-09-21
106,1006,1,3,1900-10-01,1900-01-21
106,100700,1,4,1900-05-01,1900-06-21
106,100700,1,1,1900-07-01,1900-09-21
106,100700,1,3,1900-10-01,1900-11-21
106,071490_01,1,4,1900-03-01,1900-04-21
106,071490_01,1,1,1900-05-01,1900-07-21
106,071490_01,1,3,1900-08-01,1900-01-21
105,1005,1,4,1900-05-01,1900-06-21
105,1005,1,1,1900-07-01,1900-08-21
105,1005,1,3,1900-09-01,1900-10-21
105,100820,1,4,1900-05-01,1900-06-21
105,100820,1,1,1900-07-01,1900-08-21
105,100820,1,3,1900-09-01,1900-10-21
105,1006,1,4,1900-06-01,1900-08-21
105,1006,1,1,1900-09-01,1900-09-21
105,1006,1,3,1900-10-01,1900-01-21
105,100700,1,4,1900-05-01,1900-06-21
105,100700,1,1,1900-07-01,1900-08-21
105,100700,1,3,1900-09-01,1900-10-21
107,1005,1,4,1900-03-11,1900-04-01
107,1005,1,3,1900-04-11,1900-05-11
107,1006,1,4,1900-04-11,1900-05-11
107,1006,1,1,1900-05-21,1900-09-01
107,1006,1,3,1900-09-11,1900-11-11
107,120100_00,1,4,1900-06-11,1900-07-11
107,120100_00,1,1,1900-07-21,1900-11-01
107,120100_00,1,3,1900-11-11,1900-12-11
108,070820_00,27,4,1900-03-01,1900-04-21
108,070820_00,27,1,1900-05-01,1900-05-21
108,070820_00,27,3,1900-06-01,1900-06-21
108,070820_00,47,4,1900-07-01,1900-08-21
108,070820_00,47,1,1900-09-01,1900-09-21
108,070820_00,47,3,1900-10-01,1900-10-21
108,070820_00,61,1,1900-01-01,1900-01-21
108,070820_00,61,3,1900-02-01,1900-02-21
108,070820_00,61,4,1900-11-01,1900-12-21
108,1005,27,4,1900-03-01,1900-04-21
108,1005,27,1,1900-05-01,1900-05-21
108,1005,27,3,1900-06-01,1900-08-21
108,1005,47,4,1900-02-01,1900-03-21
108,1005,47,1,1900-04-01,1900-05-21
108,1005,47,3,1900-06-01,1900-07-21
108,1006,27,4,1900-02-01,1900-04-21
108,1006,27,1,1900-05-01,1900-05-21
108,1006,27,3,1900-06-01,1900-09-21
108,1006,47,4,1900-08-01,1900-09-21
108,1006,47,1,1900-10-01,1900-10-21
108,100700,1,4,1900-06-01,1900-09-21
108,100700,1,1,1900-10-01,1900-12-21
115,52,11,4,1900-06-01,1900-07-11
115,52,11,1,1900-07-21,1900-10-21
115,52,11,3,1900-11-01,1900-02-21
115,52,31,1,1900-06-11,1900-09-11
115,52,31,3,1900-09-21,1900-06-01
115,1202_00,24,4,1900-06-01,1900-07-21
115,1202_00,24,1,1900-08-01,1900-08-21
115,1202_00,24,3,1900-09-01,1900-12-11
115,1202_00,37,1,1900-01-01,1900-02-21
115,1202_00,37,3,1900-03-01,1900-04-21
115,1202_00,37,4,1900-09-21,1900-11-21
115,1005,1,4,1900-05-21,1900-07-11
115,1005,1,1,1900-07-21,1900-10-21
115,1005,1,3,1900-11-01,1900-01-21
115,100820,1,4,1900-05-21,1900-07-21
115,100820,1,1,1900-08-01,1900-10-21
115,100820,1,3,1900-11-01,1900-01-21
115,1205_00,1,1,1900-01-01,1900-03-11
115,1205_00,1,3,1900-03-21,1900-05-11
115,1205_00,1,4,1900-10-01,1900-12-11
115,1006,24,4,1900-05-21,1900-08-21
115,1006,24,1,1900-09-01,1900-09-11
115,1006,24,3,1900-09-21,1900-01-21
115,1006,37,3,1900-03-01,1900-05-11
115,1006,37,4,1900-11-01,1900-02-21
115,100700,24,4,1900-05-21,1900-07-21
115,100700,24,1,1900-08-01,1900-10-21
115,100700,24,3,1900-11-01,1900-01-21
115,100700,37,1,1900-01-01,1900-02-11
115,100700,37,3,1900-02-21,1900-05-01
115,100700,37,4,1900-09-21,1900-11-21
115,120100_00,1,4,1900-06-01,1900-07-21
115,120100_00,1,1,1900-08-01,1900-08-21
115,120100_00,1,3,1900-09-01,1900-12-11
115,1001_00,64,1,1900-01-01,1900-02-21
115,1001_00,64,3,1900-03-01,1900-05-11
115,1001_00,64,4,1900-10-01,1900-12-21
116,1005,13,4,1900-06-21,1900-08-11
116,1005,13,1,1900-08-21,1900-10-01
116,1005,13,3,1900-10-11,1900-12-01
116,1005,39,1,1900-01-01,1900-02-21
116,1005,39,3,1900-03-01,1900-04-21
116,1005,39,4,1900-11-01,1900-12-21
116,1005,40,1,1900-01-01,1900-02-21
116,1005,40,3,1900-03-01,1900-04-21
116,1006,27,1,1900-02-01,1900-02-21
116,1006,27,3,1900-03-01,1900-06-11
116,1006,27,4,1900-10-21,1900-01-21
116,1006,48,4,1900-07-01,1900-08-21
116,1006,48,1,1900-09-01,1900-10-11
116,1006,48,3,1900-10-21,1900-12-11
117,100300,1,1,1900-01-21,1900-02-21
117,100300,1,3,1900-03-01,1900-03-21
117,100300,1,4,1900-09-11,1900-01-11
117,071010,1,4,1900-05-11,1900-05-11
117,071010,1,1,1900-05-21,1900-09-01
117,071010,1,3,1900-09-11,1900-09-11
117,1006,1,4,1900-04-11,1900-04-11
117,1006,1,1,1900-04-21,1900-08-01
117,1006,1,3,1900-08-11,1900-08-11
117,1212_03,1,4,1900-02-11,1900-05-11
117,1212_03,1,1,1900-05-21,1900-09-01
117,1212_03,1,3,1900-09-11,1900-01-11
117,1001_00,1,3,1900-06-01,1900-07-11
117,1001_00,1,4,1900-09-01,1900-11-01
117,1001_00,1,1,1900-11-11,1900-05-21
118,100300,1,3,1900-04-11,1900-06-11
118,100300,1,4,1900-10-11,1900-12-11
118,100300,1,1,1900-12-21,1900-04-01
118,100820,1,4,1900-03-11,1900-05-11
118,100820,1,1,1900-05-21,1900-07-01
118,100820,1,3,1900-07-11,1900-09-11
118,071010,1,4,1900-02-01,1900-02-21
118,071010,1,1,1900-03-01,1900-05-21
118,071010,1,3,1900-06-01,1900-06-21
118,100700,1,4,1900-03-11,1900-05-11
118,100700,1,1,1900-05-21,1900-06-01
118,100700,1,3,1900-06-11,1900-09-11
118,1001_00,1,3,1900-05-11,1900-07-11
118,1001_00,1,4,1900-11-11,1900-12-11
118,1001_00,1,1,1900-12-21,1900-05-01
121,100300,1,3,1900-04-11,1900-06-11
121,100300,1,4,1900-11-11,1900-12-11
121,100300,1,1,1900-12-21,1900-04-01
121,071010,1,1,1900-03-21,1900-03-21
121,071010,1,3,1900-04-01,1900-08-21
121,071010,1,4,1900-12-11,1900-03-11
121,100700,1,4,1900-03-11,1900-04-01
121,100700,1,1,1900-04-11,1900-06-21
121,100700,1,3,1900-07-01,1900-08-21
121,1212_03,1,3,1900-05-11,1900-08-11
121,1212_03,1,4,1900-09-11,1900-10-11
121,1212_03,1,1,1900-10-21,1900-05-01
121,1001_00,1,3,1900-04-21,1900-05-21
121,1001_00,1,4,1900-10-21,1900-12-11
121,1001_00,1,1,1900-12-21,1900-04-11
126,071010,1,4,1900-03-01,1900-05-21
126,071010,1,3,1900-06-01,1900-10-01
126,1006,1,4,1900-05-11,1900-07-11
126,1006,1,1,1900-07-21,1900-09-11
126,1006,1,3,1900-09-21,1900-11-21
126,1001_00,1,3,1900-06-01,1900-07-11
126,1001_00,1,4,1900-09-21,1900-11-21
126,1001_00,1,1,1900-12-01,1900-05-21
130,100300,1,4,1900-05-11,1900-07-11
130,100300,1,1,1900-07-21,1900-09-11
130,100300,1,3,1900-09-21,1900-11-11
130,071010,1,4,1900-03-01,1900-05-21
130,071010,1,3,1900-06-01,1900-10-01
130,100700,1,3,1900-06-01,1900-07-11
130,100700,1,4,1900-09-21,1900-11-21
130,100700,1,1,1900-12-01,1900-05-21
130,1001_00,1,4,1900-02-11,1900-03-11
130,1001_00,1,1,1900-03-21,1900-05-21
130,1001_00,1,3,1900-06-01,1900-06-21
132,100300,55,4,1900-04-01,1900-05-21
132,100300,55,1,1900-06-01,1900-07-21
132,100300,55,3,1900-08-01,1900-09-21
132,10,1,4,1900-05-01,1900-06-21
132,10,1,1,1900-07-01,1900-08-21
132,10,1,3,1900-09-01,1900-10-21
132,52,1,4,1900-04-11,1900-05-11
132,52,1,1,1900-05-21,1900-09-11
132,52,1,3,1900-09-21,1900-11-11
132,1001_00,55,4,1900-05-01,1900-05-21
132,1001_00,55,1,1900-06-01,1900-08-01
132,1001_00,55,3,1900-08-11,1900-09-21
133,100300,26,4,1900-02-21,1900-04-11
133,100300,26,1,1900-04-21,1900-06-21
133,100300,26,3,1900-07-01,1900-01-21
133,100300,50,3,1900-03-01,1900-04-21
133,100300,50,4,1900-10-01,1900-11-21
133,100300,50,1,1900-12-01,1900-02-21
133,070820_00,26,4,1900-03-11,1900-04-21
133,070820_00,26,1,1900-05-01,1900-08-21
133,070820_00,26,3,1900-09-01,1900-10-21
133,070820_00,50,3,1900-03-01,1900-04-21
133,070820_00,50,4,1900-10-01,1900-11-21
133,070820_00,50,1,1900-12-01,1900-02-21
133,1005,26,4,1900-03-01,1900-04-21
133,1005,26,1,1900-05-01,1900-09-21
133,1005,26,3,1900-10-01,1900-11-21
133,1005,50,3,1900-03-01,1900-04-21
133,1005,50,4,1900-10-01,1900-11-21
133,1005,50,1,1900-12-01,1900-02-21
133,100820,26,4,1900-03-01,1900-04-11
133,100820,26,1,1900-04-21,1900-05-21
133,100820,26,3,1900-06-01,1900-10-21
133,100820,50,3,1900-03-01,1900-04-21
133,100820,50,4,1900-10-01,1900-11-21
133,100820,50,1,1900-12-01,1900-02-21
133,100700,26,4,1900-02-01,1900-04-21
133,100700,26,1,1900-05-01,1900-07-21
133,100700,26,3,1900-08-01,1900-09-21
133,100700,50,3,1900-03-01,1900-04-21
133,100700,50,4,1900-10-01,1900-11-21
133,100700,50,1,1900-12-01,1900-02-21
133,1001_00,26,4,1900-05-11,1900-06-21
133,1001_00,26,1,1900-07-01,1900-09-21
133,1001_00,26,3,1900-10-01,1900-11-21
67,100300,1,3,1900-06-11,1900-07-11
67,100300,1,4,1900-11-01,1900-11-21
67,100300,1,1,1900-12-01,1900-06-01
67,1005,1,4,1900-04-01,1900-05-01
67,1005,1,1,1900-05-11,1900-08-11
67,1005,1,3,1900-08-21,1900-10-01
67,100820,1,4,1900-06-01,1900-06-21
67,100820,1,1,1900-07-01,1900-09-11
67,100820,1,3,1900-09-21,1900-10-11
67,071010,1,4,1900-03-01,1900-04-01
67,071010,1,1,1900-04-11,1900-06-11
67,071010,1,3,1900-06-21,1900-07-11
67,1006,1,4,1900-04-11,1900-05-01
67,1006,1,1,1900-05-11,1900-09-01
67,1006,1,3,1900-09-11,1900-10-11
67,100700,1,4,1900-04-01,1900-05-21
67,100700,1,1,1900-06-01,1900-09-01
67,100700,1,3,1900-09-11,1900-10-11
67,071420,1,4,1900-03-11,1900-04-01
67,071420,1,1,1900-04-11,1900-08-01
67,071420,1,3,1900-08-11,1900-09-11
67,1001_00,1,3,1900-06-01,1900-06-21
67,1001_00,1,4,1900-10-01,1900-11-01
67,1001_00,1,1,1900-11-11,1900-05-21
202,100300,1,3,1900-06-11,1900-07-11
202,100300,1,4,1900-11-01,1900-11-21
202,1005,1,4,1900-04-01,1900-05-01
202,1005,1,1,1900-05-11,1900-08-11
202,1005,1,3,1900-08-21,1900-10-01
202,100820,1,4,1900-06-01,1900-06-21
202,100820,1,1,1900-07-01,1900-09-11
202,100820,1,3,1900-09-21,1900-10-11
202,071010,1,4,1900-03-01,1900-04-01
202,071010,1,1,1900-04-11,1900-06-11
202,071010,1,3,1900-06-21,1900-07-11
202,1006,1,4,1900-05-01,1900-06-21
202,1006,1,1,1900-07-01,1900-08-21
202,1006,1,3,1900-09-01,1900-10-21
202,100700,1,4,1900-04-01,1900-05-21
202,100700,1,1,1900-06-01,1900-09-01
202,100700,1,3,1900-09-11,1900-10-11
202,071420,1,4,1900-03-11,1900-04-11
202,071420,1,1,1900-04-21,1900-08-01
202,071420,1,3,1900-08-11,1900-09-11
202,1001_00,1,3,1900-06-01,1900-06-21
202,1001_00,1,4,1900-10-01,1900-11-01
202,1001_00,1,1,1900-11-11,1900-05-21
138,52,1,4,1900-04-11,1900-05-11
138,52,1,1,1900-05-21,1900-09-11
138,52,1,3,1900-09-21,1900-11-11
138,1005,1,4,1900-04-01,1900-06-21
138,1005,1,1,1900-07-01,1900-07-21
138,1005,1,3,1900-08-01,1900-09-21
138,1001_00,64,3,1900-06-01,1900-08-11
138,1001_00,64,4,1900-08-21,1900-10-01
138,1001_00,64,1,1900-10-11,1900-05-21
139,1006,13,4,1900-01-01,1900-01-21
139,1006,13,1,1900-02-01,1900-03-21
139,1006,13,3,1900-04-01,1900-04-21
139,1006,63,4,1900-05-21,1900-07-11
139,1006,63,1,1900-07-21,1900-09-21
139,1006,63,3,1900-10-01,1900-12-21
140,100300,55,4,1900-04-01,1900-05-21
140,100300,55,1,1900-06-01,1900-07-21
140,100300,55,3,1900-08-01,1900-09-21
140,10,64,3,1900-07-01,1900-08-11
140,10,64,4,1900-08-21,1900-10-21
140,10,64,1,1900-11-01,1900-06-21
140,10_01,55,4,1900-04-01,1900-06-21
140,10_01,55,1,1900-07-01,1900-07-21
140,10_01,55,3,1900-08-01,1900-09-21
140,1002,64,3,1900-06-21,1900-08-11
140,1002,64,4,1900-08-21,1900-09-11
140,1002,64,1,1900-09-21,1900-06-11
140,1001_00,64,3,1900-07-11,1900-08-11
140,1001_00,64,4,1900-08-21,1900-10-01
140,1001_00,64,1,1900-10-11,1900-07-01
141,100700,1,4,1900-04-11,1900-05-11
141,100700,1,1,1900-05-21,1900-09-01
141,100700,1,3,1900-09-11,1900-10-11
141,1001_00,1,1,1900-01-21,1900-06-01
141,1001_00,1,3,1900-06-11,1900-08-11
141,1001_00,1,4,1900-10-11,1900-01-11
142,1005,1,1,1900-01-01,1900-04-21
142,1005,1,3,1900-05-01,1900-06-21
142,1005,1,4,1900-10-01,1900-12-21
142,100700,1,1,1900-01-01,1900-05-01
142,100700,1,3,1900-05-11,1900-06-21
142,100700,1,4,1900-11-01,1900-12-21
142,1001_00,1,4,1900-05-01,1900-05-21
142,1001_00,1,1,1900-06-01,1900-10-21
142,1001_00,1,3,1900-11-01,1900-11-21
144,071410,6,4,1900-03-01,1900-05-21
144,071410,6,1,1900-06-01,1900-12-21
144,071410,7,3,1900-01-01,1900-06-21
144,1006,1,4,1900-04-01,1900-07-21
144,1006,1,1,1900-08-01,1900-08-21
144,1006,1,3,1900-09-01,1900-12-21
144,071490_01,1,4,1900-02-01,1900-03-21
144,071490_01,1,1,1900-04-01,1900-06-21
144,071490_01,1,3,1900-07-01,1900-12-21
145,100300,1,3,1900-04-11,1900-05-11
145,100300,1,4,1900-10-11,1900-11-11
145,100300,1,1,1900-11-21,1900-04-01
145,100820,1,4,1900-03-11,1900-03-11
145,100820,1,1,1900-03-21,1900-07-01
145,100820,1,3,1900-07-11,1900-08-11
145,071010,1,4,1900-01-11,1900-02-11
145,071010,1,1,1900-02-21,1900-05-01
145,071010,1,3,1900-05-11,1900-06-11
145,1001_00,1,3,1900-05-01,1900-06-11
145,1001_00,1,4,1900-10-11,1900-11-11
145,1001_00,1,1,1900-11-21,1900-04-21
147,100300,55,4,1900-04-01,1900-05-21
147,100300,55,1,1900-06-01,1900-07-21
147,100300,55,3,1900-08-01,1900-09-21
147,10,64,3,1900-07-01,1900-08-11
147,10,64,4,1900-08-21,1900-10-21
147,10,64,1,1900-11-01,1900-06-21
147,10_01,55,4,1900-04-01,1900-06-21
147,10_01,55,1,1900-07-01,1900-07-21
147,10_01,55,3,1900-08-01,1900-09-21
147,1002,64,3,1900-07-01,1900-08-11
147,1002,64,4,1900-08-21,1900-09-11
147,1002,64,1,1900-09-21,1900-06-21
147,1001_00,64,3,1900-07-11,1900-08-11
147,1001_00,64,4,1900-08-21,1900-10-01
147,1001_00,64,1,1900-10-11,1900-07-01
241,100300,1,3,1900-05-21,1900-07-21
241,100300,1,4,1900-10-21,1900-12-11
241,100300,1,1,1900-12-21,1900-05-11
241,070820_00,1,4,1900-04-21,1900-06-21
241,070820_00,1,1,1900-07-01,1900-07-11
241,070820_00,1,3,1900-07-21,1900-08-21
241,121490_01,1,1,1900-05-01,1900-05-11
241,121490_01,1,3,1900-05-21,1900-10-21
241,121490_01,1,4,1900-11-01,1900-04-21
241,1005,1,4,1900-04-21,1900-06-11
241,1005,1,1,1900-06-21,1900-08-11
241,1005,1,3,1900-08-21,1900-10-21
241,100400,1,1,1900-01-01,1900-05-11
241,100400,1,3,1900-05-21,1900-07-21
241,100400,1,4,1900-10-21,1900-12-11
241,071010,1,5,1900-02-21,1900-04-11
241,071010,1,1,1900-04-21,1900-05-11
241,071010,1,5,1900-05-21,1900-06-11
241,071010,1,3,1900-06-21,1900-09-11
241,1006,1,4,1900-04-21,1900-05-21
241,1006,1,1,1900-06-01,1900-07-21
241,1006,1,3,1900-08-01,1900-08-21
241,1002,1,1,1900-01-01,1900-05-11
241,1002,1,3,1900-05-21,1900-07-21
241,1002,1,4,1900-10-21,1900-12-11
241,1212_03,1,4,1900-05-01,1900-06-21
241,1212_03,1,1,1900-07-01,1900-09-11
241,1212_03,1,3,1900-09-21,1900-10-21
241,120600_00,1,4,1900-04-21,1900-05-21
241,120600_00,1,1,1900-06-01,1900-09-11
241,120600_00,1,3,1900-09-21,1900-10-21
241,07_00,56,5,1900-04-21,1900-06-11
241,07_00,56,3,1900-06-21,1900-08-21
241,07_00,57,5,1900-02-21,1900-03-11
241,07_00,57,3,1900-03-21,1900-08-21
241,07_00,64,3,1900-02-21,1900-04-11
241,07_00,64,5,1900-10-21,1900-11-21
241,07_00,64,1,1900-12-01,1900-02-11
241,1001_00,1,3,1900-06-01,1900-07-21
241,1001_00,1,4,1900-10-21,1900-12-11
241,1001_00,1,1,1900-12-21,1900-05-21
150,1005,1,3,1900-03-11,1900-04-21
150,1005,1,4,1900-11-01,1900-12-21
150,071010,1,3,1900-02-11,1900-05-11
150,071010,1,4,1900-09-11,1900-11-11
150,071010,1,1,1900-11-21,1900-02-01
150,1006,1,1,1900-01-21,1900-03-21
150,1006,1,3,1900-04-01,1900-06-21
150,1006,1,4,1900-11-01,1900-01-11
150,100700,1,1,1900-01-01,1900-04-21
150,100700,1,3,1900-05-01,1900-05-21
150,100700,1,4,1900-12-01,1900-12-21
150,071420,1,4,1900-02-11,1900-05-11
150,071420,1,3,1900-05-21,1900-12-11
150,1001_00,1,4,1900-05-01,1900-05-21
150,1001_00,1,1,1900-06-01,1900-10-21
150,1001_00,1,3,1900-11-01,1900-11-21
152,1005,1,3,1900-04-21,1900-06-11
152,1005,1,4,1900-09-21,1900-11-11
152,1005,1,1,1900-11-21,1900-04-11
152,1006,1,3,1900-05-01,1900-07-01
152,1006,1,4,1900-11-11,1900-12-21
152,100700,1,1,1900-01-01,1900-05-21
152,100700,1,3,1900-06-01,1900-06-21
152,100700,1,4,1900-12-01,1900-12-21
152,1001_00,1,4,1900-02-01,1900-03-11
152,1001_00,1,1,1900-03-21,1900-07-01
152,1001_00,1,3,1900-07-11,1900-08-21
153,1006,45,4,1900-06-11,1900-09-11
153,1006,45,1,1900-09-21,1900-12-01
153,1006,45,3,1900-12-11,1900-04-11
153,1006,46,3,1900-01-11,1900-05-11
153,1006,46,4,1900-08-11,1900-09-11
153,1006,46,1,1900-09-21,1900-01-01
155,1006,21,3,1900-03-01,1900-04-21
155,1006,21,4,1900-10-01,1900-12-21
155,1005,1,4,1900-05-01,1900-07-21
155,1005,1,1,1900-08-01,1900-08-21
155,1005,1,3,1900-09-01,1900-11-21
155,100820,1,4,1900-05-01,1900-07-21
155,100820,1,1,1900-08-01,1900-08-21
155,100820,1,3,1900-09-01,1900-11-21
155,1006,38,4,1900-06-01,1900-07-21
155,1006,38,1,1900-08-01,1900-11-11
155,1006,38,3,1900-11-21,1900-01-21
155,100700,1,4,1900-05-01,1900-07-21
155,100700,1,1,1900-08-01,1900-08-21
155,100700,1,3,1900-09-01,1900-11-21
159,Crops in low lying areas,1,3,1900-02-01,1900-02-21
159,Crops in low lying areas,1,4,1900-10-01,1900-10-21
159,Crops in low lying areas,1,1,1900-11-01,1900-01-21
159,1006,21,4,1900-06-01,1900-07-11
159,1006,21,1,1900-07-21,1900-09-21
159,1006,21,3,1900-10-01,1900-11-21
159,1005,1,4,1900-07-01,1900-08-21
159,1005,1,1,1900-09-01,1900-09-21
159,1005,1,3,1900-10-01,1900-11-21
159,100820,1,4,1900-07-01,1900-08-21
159,100820,1,1,1900-09-01,1900-09-21
159,100820,1,3,1900-10-01,1900-11-21
159,1006,36,1,1900-01-01,1900-02-21
159,1006,36,3,1900-03-01,1900-04-21
159,1006,36,4,1900-10-01,1900-12-21
159,100700,1,4,1900-07-01,1900-08-21
159,100700,1,1,1900-09-01,1900-09-21
159,100700,1,3,1900-10-01,1900-12-21
159,Walo crops,1,3,1900-03-01,1900-04-21
159,Walo crops,1,4,1900-11-01,1900-11-21
159,Walo crops,1,1,1900-12-01,1900-02-21
162,0901,1,3,1900-11-01,1900-06-21
162,1005,17,4,1900-05-01,1900-06-21
162,1005,17,1,1900-07-01,1900-09-21
162,1005,35,4,1900-09-01,1900-10-21
162,1005,35,1,1900-11-01,1900-12-21
162,080510,1,3,1900-10-01,1900-03-21
162,071010,1,4,1900-02-11,1900-05-11
162,071010,1,3,1900-05-21,1900-12-11
162,1006,1,4,1900-04-11,1900-07-11
162,1006,1,1,1900-07-21,1900-09-01
162,1006,1,3,1900-09-11,1900-01-11
162,100700,60,4,1900-04-21,1900-05-21
162,100700,60,1,1900-06-01,1900-10-21
162,100700,60,3,1900-11-01,1900-12-21
162,100700,64,4,1900-02-01,1900-03-21
162,100700,64,1,1900-04-01,1900-05-11
162,100700,64,3,1900-05-21,1900-06-21
162,120100_00,1,4,1900-04-11,1900-07-11
162,120100_00,1,1,1900-07-21,1900-09-01
162,120100_00,1,3,1900-09-11,1900-12-11
162,1001_00,64,1,1900-01-01,1900-03-21
162,1001_00,64,3,1900-04-01,1900-06-21
162,1001_00,64,4,1900-10-01,1900-12-21
165,10,55,4,1900-04-01,1900-06-21
165,10,55,1,1900-07-01,1900-07-21
165,10,55,3,1900-08-01,1900-09-21
165,10,64,3,1900-07-01,1900-08-11
165,10,64,4,1900-08-21,1900-10-21
165,10,64,1,1900-11-01,1900-06-21
165,1005,1,4,1900-05-01,1900-05-21
165,1005,1,1,1900-06-01,1900-09-21
165,1005,1,3,1900-10-01,1900-11-11
165,1212_03,1,4,1900-04-11,1900-05-11
165,1212_03,1,1,1900-05-21,1900-09-01
165,1212_03,1,3,1900-09-11,1900-10-21
165,120600_00,1,4,1900-04-11,1900-05-21
165,120600_00,1,1,1900-06-01,1900-09-01
165,120600_00,1,3,1900-09-11,1900-10-21
165,1001_00,64,3,1900-07-11,1900-08-11
165,1001_00,64,4,1900-08-21,1900-10-01
165,1001_00,64,1,1900-10-11,1900-07-01
169,100300,1,3,1900-05-11,1900-07-11
169,100300,1,4,1900-11-11,1900-12-11
169,100300,1,1,1900-12-21,1900-05-01
169,1005,1,4,1900-02-11,1900-02-11
169,1005,1,3,1900-02-21,1900-07-21
169,071010,1,3,1900-02-11,1900-04-11
169,071010,1,4,1900-09-11,1900-09-11
169,071010,1,1,1900-09-21,1900-02-01
169,1001_00,1,3,1900-05-11,1900-06-11
169,1001_00,1,4,1900-11-11,1900-12-11
169,1001_00,1,1,1900-12-21,1900-05-01
170,1005,1,3,1900-05-01,1900-05-21
170,1005,1,4,1900-11-01,1900-12-21
170,100700,1,1,1900-01-01,1900-04-21
170,100700,1,3,1900-05-01,1900-06-21
170,100700,1,4,1900-11-01,1900-12-21
170,1001_00,1,4,1900-05-01,1900-05-21
170,1001_00,1,1,1900-06-01,1900-09-21
170,1001_00,1,3,1900-10-01,1900-10-21
171,1005,1,3,1900-01-11,1900-04-01
171,1005,1,4,1900-09-11,1900-12-01
171,1005,1,1,1900-12-11,1900-01-01
171,071010,1,4,1900-02-11,1900-05-01
171,071010,1,1,1900-05-11,1900-06-01
171,071010,1,3,1900-06-11,1900-09-11
171,1006,27,4,1900-05-01,1900-06-21
171,1006,27,1,1900-07-01,1900-09-21
171,1006,27,3,1900-10-01,1900-12-11
171,1006,47,1,1900-01-01,1900-03-01
171,1006,47,3,1900-03-11,1900-06-11
171,1006,47,4,1900-11-01,1900-12-21
171,1001_00,1,3,1900-02-21,1900-05-01
171,1001_00,1,4,1900-09-21,1900-11-21
171,1001_00,1,1,1900-12-01,1900-02-11
172,1005,1,3,1900-06-01,1900-06-21
172,100700,1,1,1900-02-01,1900-05-21
172,100700,1,3,1900-06-01,1900-06-21
172,100700,1,4,1900-12-01,1900-01-21
172,1001_00,1,4,1900-05-01,1900-06-11
172,1001_00,1,1,1900-06-21,1900-09-21
172,1001_00,1,3,1900-10-01,1900-11-11
175,1005,1,4,1900-02-01,1900-05-11
175,1005,1,1,1900-05-21,1900-08-01
175,1005,1,3,1900-08-11,1900-09-21
175,100820,1,4,1900-06-11,1900-08-01
175,100820,1,1,1900-08-11,1900-09-11
175,100820,1,3,1900-09-21,1900-12-11
175,1006,1,4,1900-05-21,1900-08-01
175,1006,1,1,1900-08-11,1900-10-11
175,1006,1,3,1900-10-21,1900-12-11
175,1001_00,1,3,1900-03-11,1900-06-21
175,1001_00,1,4,1900-10-21,1900-12-01
175,1001_00,1,1,1900-12-11,1900-03-01
180,070820_00,27,3,1900-05-01,1900-05-21
180,070820_00,27,1,1900-06-01,1900-06-21
180,070820_00,27,4,1900-07-01,1900-08-21
180,070820_00,47,3,1900-09-01,1900-09-21
180,070820_00,47,1,1900-10-01,1900-10-21
180,070820_00,47,4,1900-11-01,1900-12-21
180,070820_00,61,1,1900-01-01,1900-02-21
180,070820_00,61,4,1900-03-01,1900-03-21
180,070820_00,61,3,1900-12-01,1900-12-21
180,1005,27,3,1900-05-01,1900-06-21
180,1005,27,1,1900-07-01,1900-07-21
180,1005,27,4,1900-08-01,1900-09-21
180,1005,47,3,1900-08-01,1900-09-21
180,1005,47,1,1900-10-01,1900-10-21
180,1005,47,4,1900-11-01,1900-11-21
180,1005,61,1,1900-01-01,1900-02-21
180,1005,61,4,1900-03-01,1900-04-21
180,1005,61,3,1900-12-01,1900-12-21
180,1006,20,3,1900-06-01,1900-06-21
180,1006,20,1,1900-07-01,1900-09-21
180,1006,20,4,1900-10-01,1900-11-21
180,1006,22,3,1900-01-01,1900-02-21
180,1006,22,1,1900-03-01,1900-03-21
180,1006,22,4,1900-04-01,1900-06-21
180,1006,23,3,1900-07-01,1900-09-21
180,1006,23,1,1900-10-01,1900-10-21
180,1006,23,4,1900-11-01,1900-11-21
180,100700,27,3,1900-05-01,1900-06-21
180,100700,27,1,1900-07-01,1900-08-21
180,100700,27,4,1900-09-01,1900-10-21
180,100700,47,3,1900-08-01,1900-09-21
180,100700,47,1,1900-10-01,1900-10-21
180,100700,47,4,1900-11-01,1900-12-21
181,071339_01,1,4,1900-06-01,1900-08-01
181,071339_01,1,1,1900-08-11,1900-08-21
181,071339_01,1,3,1900-09-01,1900-11-11
181,1202_00,1,4,1900-06-01,1900-07-11
181,1202_00,1,1,1900-07-21,1900-09-21
181,1202_00,1,3,1900-10-01,1900-11-21
181,1005,1,4,1900-06-01,1900-07-01
181,1005,1,1,1900-07-11,1900-09-01
181,1005,1,3,1900-09-11,1900-10-21
181,100820,1,4,1900-06-11,1900-07-11
181,100820,1,1,1900-07-21,1900-08-21
181,100820,1,3,1900-09-01,1900-10-21
181,1006,38,4,1900-06-01,1900-07-21
181,1006,38,3,1900-08-01,1900-11-21
181,100700,1,4,1900-06-11,1900-08-01
181,100700,1,1,1900-08-11,1900-09-01
181,100700,1,3,1900-09-11,1900-11-01
182,071410,52,4,1900-05-01,1900-06-21
182,071410,52,1,1900-07-01,1900-11-21
182,071410,52,3,1900-12-01,1900-01-21
182,1006,21,4,1900-05-01,1900-09-21
182,1006,21,3,1900-10-01,1900-01-21
182,1005,32,4,1900-05-01,1900-06-21
182,1005,32,1,1900-07-01,1900-07-21
182,1005,32,3,1900-08-01,1900-09-21
182,1005,47,4,1900-08-01,1900-09-21
182,1005,47,1,1900-10-01,1900-11-21
182,1005,47,3,1900-12-01,1900-01-21
182,1005,53,4,1900-03-01,1900-04-21
182,1005,53,1,1900-05-01,1900-05-21
182,1005,53,3,1900-06-01,1900-08-21
182,100820,1,4,1900-06-01,1900-06-21
182,100820,1,1,1900-07-01,1900-08-21
182,100820,1,3,1900-09-01,1900-10-21
182,1006,38,4,1900-04-01,1900-07-21
182,1006,38,3,1900-08-01,1900-10-21
182,100700,1,4,1900-05-01,1900-07-21
182,100700,1,1,1900-08-01,1900-08-21
182,100700,1,3,1900-09-01,1900-11-21
182,071490_01,1,4,1900-02-01,1900-03-21
182,071490_01,1,1,1900-04-01,1900-06-21
182,071490_01,1,3,1900-07-01,1900-01-21
188,100300,1,3,1900-03-11,1900-04-21
188,100300,1,4,1900-10-11,1900-11-11
188,100300,1,1,1900-11-21,1900-03-01
188,52,1,4,1900-06-01,1900-07-21
188,52,1,1,1900-08-01,1900-09-11
188,52,1,3,1900-09-21,1900-12-01
188,1005,1,4,1900-04-11,1900-08-11
188,1005,1,1,1900-08-21,1900-09-01
188,1005,1,3,1900-09-11,1900-11-21
188,100820,1,4,1900-06-11,1900-08-11
188,100820,1,1,1900-08-21,1900-09-01
188,100820,1,3,1900-09-11,1900-11-01
188,071010,1,4,1900-01-11,1900-03-01
188,071010,1,1,1900-03-11,1900-04-01
188,071010,1,3,1900-04-11,1900-06-01
188,1006,1,4,1900-05-21,1900-07-21
188,1006,1,1,1900-08-01,1900-09-11
188,1006,1,3,1900-09-21,1900-12-01
188,100700,1,4,1900-06-11,1900-07-21
188,100700,1,1,1900-08-01,1900-08-21
188,100700,1,3,1900-09-01,1900-10-21
188,1212_01,1,4,1900-02-01,1900-03-21
188,1212_01,1,1,1900-04-01,1900-10-21
188,1212_01,1,3,1900-11-01,1900-12-21
188,1001_00,64,1,1900-01-01,1900-03-21
188,1001_00,64,3,1900-04-01,1900-06-01
188,1001_00,64,4,1900-10-01,1900-12-11
191,1005,1,4,1900-05-11,1900-06-11
191,1005,1,1,1900-06-21,1900-08-01
191,1005,1,3,1900-08-11,1900-09-11
191,1006,1,4,1900-04-11,1900-07-11
191,1006,1,1,1900-07-21,1900-08-01
191,1006,1,3,1900-08-11,1900-10-11
194,52,1,3,1900-02-21,1900-06-21
194,52,1,4,1900-09-01,1900-11-21
194,52,1,1,1900-12-01,1900-02-11
194,1005,1,3,1900-01-11,1900-03-11
194,1005,1,4,1900-07-01,1900-09-11
194,1005,1,1,1900-09-21,1900-01-01
194,071010,1,4,1900-07-11,1900-08-11
194,071010,1,1,1900-08-21,1900-11-01
194,071010,1,3,1900-11-11,1900-01-11
194,1006,1,3,1900-03-11,1900-05-11
194,1006,1,4,1900-10-11,1900-12-11
194,1006,1,1,1900-12-21,1900-03-01
194,100700,1,3,1900-01-11,1900-03-11
194,100700,1,4,1900-09-11,1900-11-11
194,100700,1,1,1900-11-21,1900-01-01
194,120100_00,1,3,1900-03-01,1900-06-21
194,120100_00,1,4,1900-10-01,1900-12-21
194,071420,1,3,1900-03-11,1900-05-11
194,071420,1,4,1900-08-11,1900-10-11
194,071420,1,1,1900-10-21,1900-03-01
194,1001_00,1,4,1900-04-11,1900-06-11
194,1001_00,1,1,1900-06-21,1900-09-01
194,1001_00,1,3,1900-09-11,1900-11-11
195,100300,1,1,1900-03-21,1900-04-01
195,100300,1,3,1900-04-11,1900-08-11
195,100300,1,4,1900-10-21,1900-03-11
195,071010,1,4,1900-04-11,1900-07-11
195,071010,1,1,1900-07-21,1900-08-01
195,071010,1,3,1900-08-11,1900-12-11
195,1006,1,1,1900-03-21,1900-05-01
195,1006,1,3,1900-05-11,1900-08-11
195,1006,1,4,1900-12-11,1900-03-11
195,100700,1,4,1900-04-11,1900-08-21
195,100700,1,3,1900-09-01,1900-12-11
195,120100_00,1,1,1900-01-01,1900-04-01
195,120100_00,1,3,1900-04-11,1900-06-11
195,120100_00,1,4,1900-10-11,1900-12-11
195,1001_00,1,1,1900-03-21,1900-04-01
195,1001_00,1,3,1900-04-11,1900-09-11
195,1001_00,1,4,1900-11-11,1900-03-11
196,1005,27,4,1900-04-01,1900-06-11
196,1005,27,1,1900-06-21,1900-07-01
196,1005,27,3,1900-07-11,1900-09-11
196,1005,47,1,1900-01-01,1900-02-01
196,1005,47,3,1900-02-11,1900-05-11
196,1005,47,4,1900-10-11,1900-12-11
196,071010,1,4,1900-03-11,1900-07-11
196,071010,1,1,1900-07-21,1900-07-21
196,071010,1,3,1900-08-01,1900-11-11
196,1006,27,4,1900-04-01,1900-06-11
196,1006,27,1,1900-06-21,1900-09-01
196,1006,27,3,1900-09-11,1900-12-11
196,1006,47,1,1900-01-01,1900-01-01
196,1006,47,3,1900-01-11,1900-04-11
196,1006,47,4,1900-10-11,1900-12-11
204,100300,55,4,1900-04-01,1900-05-21
204,100300,55,1,1900-06-01,1900-07-21
204,100300,55,3,1900-08-01,1900-09-21
204,10,55,4,1900-04-01,1900-06-21
204,10,55,1,1900-07-01,1900-07-21
204,10,55,3,1900-08-01,1900-09-21
204,10,64,3,1900-07-01,1900-08-11
204,10,64,4,1900-08-21,1900-10-21
204,10,64,1,1900-11-01,1900-06-21
204,1005,1,4,1900-04-01,1900-06-21
204,1005,1,1,1900-07-01,1900-07-21
204,1005,1,3,1900-08-01,1900-09-21
204,100400,1,4,1900-04-01,1900-05-11
204,100400,1,1,1900-05-21,1900-07-01
204,100400,1,3,1900-07-11,1900-09-01
204,1002,67,3,1900-07-01,1900-08-11
204,1002,67,4,1900-08-21,1900-09-11
204,1002,67,1,1900-09-21,1900-06-21
204,1212_03,52,4,1900-04-11,1900-05-11
204,1212_03,52,1,1900-05-21,1900-09-01
204,1212_03,52,3,1900-09-11,1900-10-21
204,120600_00,52,4,1900-04-21,1900-05-21
204,120600_00,52,1,1900-06-01,1900-09-01
204,120600_00,52,3,1900-09-11,1900-10-21
204,1001_00,55,4,1900-05-01,1900-05-21
204,1001_00,55,1,1900-06-01,1900-08-01
204,1001_00,55,3,1900-08-11,1900-09-21
204,1001_00,67,3,1900-07-11,1900-08-11
204,1001_00,67,4,1900-08-21,1900-10-01
204,1001_00,67,1,1900-10-11,1900-07-01
205,070820_00,27,3,1900-12-01,1900-01-21
205,070820_00,47,4,1900-02-01,1900-04-21
205,070820_00,47,3,1900-05-01,1900-06-21
205,1005,27,3,1900-01-01,1900-02-21
205,1005,27,4,1900-09-01,1900-10-21
205,1005,27,1,1900-11-01,1900-12-21
205,1005,47,4,1900-02-01,1900-03-21
205,1005,47,1,1900-04-01,1900-05-21
205,1005,47,3,1900-06-01,1900-07-21
205,100700,27,3,1900-01-01,1900-02-21
205,100700,27,4,1900-09-01,1900-10-21
205,100700,27,1,1900-11-01,1900-12-21
205,100700,47,4,1900-02-01,1900-03-21
205,100700,47,1,1900-04-01,1900-05-21
205,100700,47,3,1900-06-01,1900-07-21
215,100300,1,3,1900-04-01,1900-04-21
215,100300,1,4,1900-11-11,1900-12-11
215,100300,1,1,1900-12-21,1900-03-21
215,1005,1,4,1900-03-01,1900-03-01
215,1005,1,1,1900-03-11,1900-06-11
215,1005,1,3,1900-06-21,1900-06-21
215,100820,1,4,1900-08-11,1900-09-11
215,100820,1,1,1900-09-21,1900-12-01
215,100820,1,3,1900-12-11,1900-01-11
215,1006,1,4,1900-07-01,1900-07-01
215,1006,1,1,1900-07-11,1900-11-11
215,1006,1,3,1900-11-21,1900-11-21
215,100700,1,4,1900-08-11,1900-09-11
215,100700,1,1,1900-09-21,1900-12-01
215,100700,1,3,1900-12-11,1900-01-11
215,1001_00,1,3,1900-04-21,1900-05-11
215,1001_00,1,4,1900-11-11,1900-12-11
215,1001_00,1,1,1900-12-21,1900-04-11
217,1202_00,1,4,1900-06-01,1900-07-21
217,1202_00,1,1,1900-08-01,1900-10-21
217,1202_00,1,3,1900-11-01,1900-02-21
217,1005,1,4,1900-06-01,1900-07-21
217,1005,1,1,1900-08-01,1900-08-21
217,1005,1,3,1900-09-01,1900-11-11
217,100820,1,4,1900-06-21,1900-07-21
217,100820,1,1,1900-08-01,1900-08-21
217,100820,1,3,1900-09-01,1900-11-21
217,1006,1,4,1900-06-01,1900-08-21
217,1006,1,1,1900-09-01,1900-10-21
217,1006,1,3,1900-11-01,1900-01-21
217,100700,1,4,1900-06-21,1900-07-21
217,100700,1,1,1900-08-01,1900-08-21
217,100700,1,3,1900-09-01,1900-11-21
221,071410,6,4,1900-03-01,1900-05-21
221,071410,6,1,1900-06-01,1900-12-21
221,071410,7,3,1900-01-01,1900-06-21
221,1005,1,4,1900-05-01,1900-07-21
221,1005,1,1,1900-08-01,1900-09-21
221,1005,1,3,1900-10-01,1900-11-21
221,100820,1,4,1900-05-01,1900-07-21
221,100820,1,1,1900-08-01,1900-09-21
221,100820,1,3,1900-10-01,1900-11-21
221,1006,1,4,1900-04-01,1900-07-21
221,1006,1,1,1900-08-01,1900-08-21
221,1006,1,3,1900-09-01,1900-12-21
221,100700,1,4,1900-05-01,1900-06-21
221,100700,1,1,1900-07-01,1900-09-21
221,100700,1,3,1900-10-01,1900-11-21
221,071490_01,1,4,1900-02-01,1900-03-21
221,071490_01,1,1,1900-04-01,1900-06-21
221,071490_01,1,3,1900-07-01,1900-12-21
226,1005,12,3,1900-03-21,1900-04-11
226,1005,12,4,1900-10-21,1900-11-11
226,1005,12,1,1900-11-21,1900-03-11
226,1005,19,4,1900-04-01,1900-04-21
226,1005,19,1,1900-05-01,1900-07-21
226,1005,19,3,1900-08-01,1900-08-21
226,100700,12,3,1900-03-21,1900-04-11
226,100700,12,4,1900-10-21,1900-11-11
226,100700,12,1,1900-11-21,1900-03-11
226,100700,19,4,1900-04-01,1900-04-21
226,100700,19,1,1900-05-01,1900-07-21
226,100700,19,3,1900-08-01,1900-08-21
227,100300,1,4,1900-04-11,1900-06-11
227,100300,1,1,1900-06-21,1900-10-01
227,100300,1,3,1900-10-11,1900-12-11
227,1005,16,1,1900-01-01,1900-04-21
227,1005,16,3,1900-05-01,1900-06-21
227,1005,62,1,1900-02-01,1900-05-21
227,1005,62,3,1900-06-01,1900-06-21
227,1005,62,4,1900-12-01,1900-01-21
227,100820,1,3,1900-04-11,1900-07-11
227,100820,1,4,1900-08-21,1900-12-11
227,100820,1,1,1900-12-21,1900-04-01
227,1006,1,3,1900-04-11,1900-06-11
227,1006,1,4,1900-09-11,1900-04-01
227,1006,1,1,1900-12-21,1900-12-21
227,100700,1,1,1900-02-01,1900-05-21
227,100700,1,3,1900-06-01,1900-06-21
227,100700,1,4,1900-12-01,1900-01-21
227,120100_00,1,3,1900-04-11,1900-06-11
227,120100_00,1,4,1900-10-11,1900-12-11
227,120100_00,1,1,1900-12-21,1900-04-01
227,1001_00,1,4,1900-05-01,1900-06-11
227,1001_00,1,1,1900-06-21,1900-09-21
227,1001_00,1,3,1900-10-01,1900-11-21
231,1005,1,3,1900-02-11,1900-03-21
231,1005,1,4,1900-10-01,1900-11-11
231,1005,1,1,1900-11-21,1900-02-01
231,1006,1,3,1900-01-11,1900-04-11
231,1006,1,4,1900-09-01,1900-12-11
231,1006,1,1,1900-12-21,1900-01-01
40764,1005,52,4,1900-04-01,1900-05-21
40764,1005,52,1,1900-06-01,1900-07-21
40764,1005,52,3,1900-08-01,1900-09-11
40764,100820,31,4,1900-06-01,1900-07-21
40764,100820,31,1,1900-08-01,1900-10-21
40764,100820,31,3,1900-11-01,1900-12-21
40764,100820,52,4,1900-04-01,1900-05-21
40764,100820,52,1,1900-06-01,1900-07-21
40764,100820,52,3,1900-08-01,1900-09-21
40764,100700,31,4,1900-06-01,1900-07-21
40764,100700,31,1,1900-08-01,1900-10-21
40764,100700,31,3,1900-11-01,1900-12-21
40764,100700,52,4,1900-04-01,1900-05-21
40764,100700,52,1,1900-06-01,1900-07-21
40764,100700,52,3,1900-08-01,1900-09-21
40764,1001_00,1,3,1900-03-01,1900-03-21
40764,1001_00,1,4,1900-11-01,1900-11-21
40764,1001_00,1,1,1900-12-01,1900-02-21
233,1005,1,3,1900-02-11,1900-03-11
233,1005,1,4,1900-09-11,1900-10-11
233,1005,1,1,1900-10-21,1900-02-01
233,1006,1,4,1900-03-11,1900-08-11
233,1006,1,1,1900-08-21,1900-09-01
233,1006,1,3,1900-09-11,1900-10-11
233,120100_00,1,1,1900-01-01,1900-03-01
233,120100_00,1,3,1900-03-11,1900-04-11
233,120100_00,1,4,1900-12-11,1900-12-21
235,1005,1,3,1900-05-01,1900-05-21
235,1005,1,4,1900-10-01,1900-11-21
235,1005,1,1,1900-12-01,1900-04-21
235,1006,1,3,1900-01-11,1900-05-11
235,1006,1,4,1900-10-11,1900-11-11
235,1006,1,1,1900-11-21,1900-01-01
235,100700,1,3,1900-06-01,1900-06-21
235,100700,1,4,1900-12-01,1900-12-21
235,1001_00,1,4,1900-05-01,1900-05-21
235,1001_00,1,1,1900-06-01,1900-10-21
235,1001_00,1,3,1900-11-01,1900-11-21
238,100300,1,1,1900-01-11,1900-05-01
238,100300,1,3,1900-05-11,1900-06-21
238,100300,1,4,1900-10-11,1900-01-01
238,071010,1,4,1900-03-11,1900-05-11
238,071010,1,3,1900-05-21,1900-10-11
238,1006,1,4,1900-04-11,1900-05-11
238,1006,1,1,1900-05-21,1900-09-01
238,1006,1,3,1900-09-11,1900-10-21
238,1001_00,1,1,1900-01-21,1900-05-01
238,1001_00,1,3,1900-05-11,1900-07-11
238,1001_00,1,4,1900-10-11,1900-01-11
239,10_01,55,4,1900-04-01,1900-06-21
239,10_01,55,1,1900-07-01,1900-07-21
239,10_01,55,3,1900-08-01,1900-09-21
239,52,1,4,1900-04-11,1900-05-11
239,52,1,1,1900-05-21,1900-09-11
239,52,1,3,1900-09-21,1900-11-11
239,1001_00,64,3,1900-06-01,1900-08-11
239,1001_00,64,4,1900-08-21,1900-11-11
239,1001_00,64,1,1900-11-21,1900-05-21
257,100300,1,4,1900-01-11,1900-03-11
257,100300,1,1,1900-03-21,1900-06-01
257,100300,1,3,1900-06-11,1900-08-21
257,1005,31,4,1900-01-11,1900-03-01
257,1005,31,1,1900-03-11,1900-05-21
257,1005,31,3,1900-06-01,1900-07-21
257,1005,52,1,1900-02-21,1900-05-11
257,1005,52,3,1900-05-21,1900-07-11
257,1005,52,4,1900-12-21,1900-02-11
257,100820,1,1,1900-01-21,1900-05-01
257,100820,1,3,1900-05-11,1900-07-11
257,100820,1,4,1900-10-11,1900-01-11
257,071010,1,4,1900-03-11,1900-05-11
257,071010,1,1,1900-05-21,1900-06-01
257,071010,1,3,1900-06-11,1900-08-11
257,1006,1,1,1900-01-01,1900-04-21
257,1006,1,3,1900-05-01,1900-06-21
257,100700,31,1,1900-03-01,1900-05-11
257,100700,31,3,1900-05-21,1900-06-21
257,100700,52,1,1900-02-01,1900-04-21
257,100700,52,3,1900-05-01,1900-06-21
257,100700,52,4,1900-12-01,1900-01-21
257,120100_00,1,1,1900-01-21,1900-04-01
257,120100_00,1,3,1900-04-11,1900-05-11
257,120100_00,1,4,1900-12-11,1900-01-11
257,1001_00,31,4,1900-01-21,1900-02-11
257,1001_00,31,1,1900-02-21,1900-05-21
257,1001_00,31,3,1900-06-01,1900-07-21
257,1001_00,52,1,1900-02-21,1900-05-11
257,1001_00,52,3,1900-05-21,1900-06-21
257,1001_00,52,4,1900-12-11,1900-02-11
240,1005,1,4,1900-04-11,1900-06-11
240,1005,1,1,1900-06-21,1900-07-01
240,1005,1,3,1900-07-11,1900-09-11
240,1006,27,4,1900-05-01,1900-08-21
240,1006,27,1,1900-09-01,1900-09-21
240,1006,27,3,1900-10-01,1900-01-21
240,1006,47,4,1900-01-01,1900-03-01
240,1006,47,1,1900-03-11,1900-04-11
240,1006,47,3,1900-04-21,1900-06-21
240,100700,1,4,1900-04-11,1900-08-21
240,100700,1,3,1900-09-01,1900-12-11
240,1212_01,9,4,1900-05-01,1900-06-11
240,1212_01,9,1,1900-06-21,1900-11-21
240,1212_01,9,3,1900-12-01,1900-02-21
240,1212_01,34,4,1900-10-01,1900-11-21
240,1212_01,34,3,1900-12-01,1900-03-11
242,1005,27,1,1900-01-01,1900-01-21
242,1005,27,3,1900-02-01,1900-04-21
242,1005,27,4,1900-11-01,1900-12-21
242,1005,36,4,1900-05-01,1900-07-21
242,1005,36,1,1900-08-01,1900-08-21
242,1005,36,3,1900-09-01,1900-11-21
242,1006,27,1,1900-03-01,1900-04-21
242,1006,27,3,1900-05-01,1900-07-21
242,1006,27,4,1900-12-01,1900-02-21
242,1006,36,4,1900-04-01,1900-06-21
242,1006,36,1,1900-07-01,1900-07-21
242,1006,36,3,1900-08-01,1900-12-21
243,071410,1,4,1900-05-01,1900-06-21
243,071410,1,1,1900-07-01,1900-11-21
243,071410,1,3,1900-12-01,1900-12-21
243,1005,27,4,1900-03-01,1900-04-21
243,1005,27,1,1900-05-01,1900-07-21
243,1005,27,3,1900-08-01,1900-09-21
243,1005,47,4,1900-08-01,1900-09-21
243,1005,47,1,1900-10-01,1900-11-21
243,1005,47,3,1900-12-01,1900-01-21
243,100820,1,4,1900-05-01,1900-07-21
243,100820,1,1,1900-08-01,1900-09-21
243,100820,1,3,1900-10-01,1900-11-21
243,1006,1,4,1900-05-01,1900-05-21
243,1006,1,1,1900-06-01,1900-10-11
243,1006,1,3,1900-10-21,1900-11-11
243,100700,1,4,1900-05-01,1900-07-21
243,100700,1,1,1900-08-01,1900-09-21
243,100700,1,3,1900-10-01,1900-11-21
243,071490_01,1,4,1900-02-01,1900-03-21
243,071490_01,1,1,1900-04-01,1900-06-21
243,071490_01,1,3,1900-07-01,1900-01-21
246,1005,1,4,1900-06-01,1900-07-01
246,1005,1,1,1900-07-11,1900-08-21
246,1005,1,3,1900-09-01,1900-10-01
246,1006,1,4,1900-06-01,1900-08-01
246,1006,1,1,1900-08-11,1900-10-11
246,1006,1,3,1900-10-21,1900-12-01
246,071420,1,4,1900-02-01,1900-04-11
246,071420,1,3,1900-04-21,1900-04-21
248,100300,1,3,1900-05-11,1900-06-11
248,100300,1,4,1900-10-11,1900-12-11
248,100300,1,1,1900-12-21,1900-05-01
248,071010,1,4,1900-01-21,1900-02-21
248,071010,1,1,1900-03-01,1900-05-11
248,071010,1,3,1900-05-21,1900-06-21
248,1212_03,1,3,1900-06-11,1900-06-11
248,1212_03,1,4,1900-10-11,1900-12-11
248,1212_03,1,1,1900-12-21,1900-06-01
248,1001_00,1,3,1900-06-01,1900-06-21
248,1001_00,1,4,1900-10-11,1900-12-11
248,1001_00,1,1,1900-12-21,1900-05-21
249,100300,1,3,1900-05-11,1900-07-11
249,100300,1,4,1900-09-11,1900-12-11
249,100300,1,1,1900-12-21,1900-05-01
249,1005,1,4,1900-04-11,1900-05-21
249,1005,1,1,1900-06-01,1900-08-11
249,1005,1,3,1900-08-21,1900-10-21
249,100820,1,4,1900-04-01,1900-05-21
249,100820,1,1,1900-06-01,1900-07-21
249,100820,1,3,1900-08-01,1900-10-11
249,071010,1,4,1900-03-01,1900-06-21
249,071010,1,1,1900-07-01,1900-07-01
249,071010,1,3,1900-07-11,1900-09-11
249,1006,1,4,1900-04-11,1900-06-11
249,1006,1,1,1900-06-21,1900-09-01
249,1006,1,3,1900-09-11,1900-10-11
249,1001_00,1,3,1900-06-21,1900-08-01
249,1001_00,1,4,1900-09-11,1900-11-21
249,1001_00,1,1,1900-12-01,1900-06-11
250,10_01,55,4,1900-04-01,1900-06-21
250,10_01,55,1,1900-07-01,1900-07-21
250,10_01,55,3,1900-08-01,1900-09-21
250,52,1,4,1900-04-01,1900-05-01
250,52,1,1,1900-05-11,1900-09-01
250,52,1,3,1900-09-11,1900-11-01
250,1005,1,4,1900-04-01,1900-06-21
250,1005,1,1,1900-07-01,1900-07-21
250,1005,1,3,1900-08-01,1900-09-21
250,1001_00,64,3,1900-06-01,1900-08-11
250,1001_00,64,4,1900-08-21,1900-11-11
250,1001_00,64,1,1900-11-21,1900-05-21
253,070820_00,53,4,1900-02-01,1900-03-21
253,070820_00,53,1,1900-04-01,1900-05-21
253,070820_00,53,3,1900-06-01,1900-07-21
253,070820_00,54,4,1900-09-01,1900-10-21
253,070820_00,54,1,1900-11-01,1900-11-21
253,070820_00,54,3,1900-12-01,1900-01-21
253,071410,31,4,1900-04-01,1900-05-21
253,071410,31,1,1900-06-01,1900-08-21
253,071410,31,3,1900-09-01,1900-03-21
253,1005,31,4,1900-04-01,1900-05-21
253,1005,31,1,1900-06-01,1900-07-21
253,1005,31,3,1900-08-01,1900-09-21
253,1005,53,4,1900-02-01,1900-03-21
253,1005,53,1,1900-04-01,1900-05-21
253,1005,53,3,1900-06-01,1900-07-21
253,1005,54,4,1900-09-01,1900-10-21
253,1005,54,1,1900-11-01,1900-11-21
253,1005,54,3,1900-12-01,1900-01-21
253,100820,31,4,1900-04-01,1900-05-21
253,100820,31,1,1900-06-01,1900-08-21
253,100820,31,3,1900-09-01,1900-10-21
253,100820,53,4,1900-02-01,1900-03-21
253,100820,53,1,1900-04-01,1900-05-21
253,100820,53,3,1900-06-01,1900-08-21
253,100820,54,4,1900-09-01,1900-10-21
253,100820,54,1,1900-11-01,1900-11-21
253,100820,54,3,1900-12-01,1900-01-21
253,071420,31,4,1900-04-01,1900-05-21
253,071420,31,1,1900-06-01,1900-08-21
253,071420,31,3,1900-09-01,1900-03-21
254,100300,55,4,1900-04-01,1900-05-21
254,100300,55,1,1900-06-01,1900-07-21
254,100300,55,3,1900-08-01,1900-09-21
254,10,55,4,1900-04-01,1900-06-21
254,10,55,1,1900-07-01,1900-07-21
254,10,55,3,1900-08-01,1900-09-21
254,10,64,3,1900-07-01,1900-08-11
254,10,64,4,1900-08-21,1900-10-21
254,10,64,1,1900-11-01,1900-06-21
254,1005,1,4,1900-05-01,1900-05-21
254,1005,1,1,1900-06-01,1900-09-11
254,1005,1,3,1900-09-21,1900-11-11
254,1212_03,1,4,1900-04-11,1900-05-11
254,1212_03,1,1,1900-05-21,1900-09-01
254,1212_03,1,3,1900-09-11,1900-10-21
254,120600_00,52,4,1900-04-21,1900-05-21
254,120600_00,52,1,1900-06-01,1900-09-01
254,120600_00,52,3,1900-09-11,1900-10-21
254,1001_00,64,3,1900-07-11,1900-08-11
254,1001_00,64,4,1900-08-21,1900-10-01
254,1001_00,64,1,1900-10-11,1900-07-01
260,100300,1,4,1900-06-11,1900-07-11
260,100300,1,1,1900-07-21,1900-11-01
260,100300,1,3,1900-11-11,1900-01-11
260,1005,1,1,1900-01-01,1900-03-11
260,1005,1,3,1900-03-21,1900-05-01
260,1005,1,4,1900-08-01,1900-12-21
260,071010,1,4,1900-07-11,1900-09-11
260,071010,1,1,1900-09-21,1900-11-01
260,071010,1,3,1900-11-11,1900-02-11
260,1006,1,3,1900-03-11,1900-05-21
260,1006,1,4,1900-10-01,1900-12-11
260,1006,1,1,1900-12-21,1900-03-01
260,100700,1,3,1900-03-21,1900-05-21
260,100700,1,4,1900-10-01,1900-12-11
260,100700,1,1,1900-12-21,1900-03-11
260,120100_00,1,3,1900-03-21,1900-05-11
260,120100_00,1,4,1900-10-01,1900-12-11
260,120100_00,1,1,1900-12-21,1900-03-11
260,1212_03,1,4,1900-05-11,1900-07-11
260,1212_03,1,1,1900-07-21,1900-11-01
260,1212_03,1,3,1900-11-11,1900-03-11
260,071420,1,4,1900-08-11,1900-09-11
260,071420,1,1,1900-09-21,1900-12-01
260,071420,1,3,1900-12-11,1900-01-11
260,1001_00,1,4,1900-05-01,1900-08-21
260,1001_00,1,1,1900-09-01,1900-11-01
260,1001_00,1,3,1900-11-11,1900-01-01
261,10,64,3,1900-06-01,1900-08-11
261,10,64,4,1900-08-21,1900-11-11
261,10,64,1,1900-11-21,1900-05-21
261,10_01,55,4,1900-04-01,1900-06-21
261,10_01,55,1,1900-07-01,1900-07-21
261,10_01,55,3,1900-08-01,1900-09-21
261,52,1,4,1900-04-21,1900-05-21
261,52,1,1,1900-06-01,1900-09-11
261,52,1,3,1900-09-21,1900-11-11
261,1005,1,4,1900-04-01,1900-06-21
261,1005,1,1,1900-07-01,1900-07-21
261,1005,1,3,1900-08-01,1900-09-21
32,1005,1,4,1900-02-11,1900-07-01
32,1005,1,3,1900-07-11,1900-12-11
32,071010,1,3,1900-03-11,1900-04-11
32,071010,1,4,1900-11-11,1900-12-11
32,071010,1,1,1900-12-21,1900-03-01
32,1006,1,4,1900-04-11,1900-07-11
32,1006,1,1,1900-07-21,1900-08-01
32,1006,1,3,1900-08-11,1900-11-11
32,100700,1,3,1900-03-11,1900-04-11
32,100700,1,4,1900-10-11,1900-11-11
32,100700,1,1,1900-11-21,1900-03-01
264,1006,2,4,1900-06-11,1900-08-01
264,1006,2,1,1900-08-11,1900-08-21
264,1006,2,3,1900-09-01,1900-11-21
264,1006,3,4,1900-06-11,1900-10-11
264,1006,3,1,1900-10-21,1900-11-11
264,1006,3,3,1900-11-21,1900-12-21
264,1006,43,4,1900-05-01,1900-06-21
264,1006,43,1,1900-07-01,1900-08-11
264,1006,43,3,1900-08-21,1900-10-21
264,1006,58,1,1900-04-11,1900-05-11
264,1006,58,3,1900-05-21,1900-07-21
264,1006,58,4,1900-11-11,1900-04-01
264,1006,59,1,1900-03-11,1900-03-11
264,1006,59,3,1900-03-21,1900-05-11
264,1006,59,4,1900-11-21,1900-03-01
264,1006,60,4,1900-05-01,1900-06-21
264,1006,60,1,1900-07-01,1900-08-11
264,1006,60,3,1900-08-21,1900-10-21
264,1006,68,1,1900-04-11,1900-05-11
264,1006,68,3,1900-05-21,1900-07-21
264,1006,68,4,1900-11-11,1900-04-01
264,1006,69,1,1900-03-11,1900-03-11
264,1006,69,3,1900-03-21,1900-05-11
264,1006,69,4,1900-11-21,1900-03-01
270,1005,1,3,1900-04-21,1900-06-11
270,1005,1,4,1900-10-21,1900-12-01
270,1005,1,1,1900-12-11,1900-04-11
270,100820,1,3,1900-06-11,1900-07-11
270,100820,1,4,1900-12-11,1900-12-11
270,100820,1,1,1900-12-21,1900-06-01
270,100700,1,1,1900-01-21,1900-04-21
270,100700,1,3,1900-05-01,1900-06-21
270,100700,1,4,1900-11-11,1900-01-11
270,1001_00,1,4,1900-05-01,1900-06-11
270,1001_00,1,1,1900-06-21,1900-09-21
270,1001_00,1,3,1900-10-01,1900-11-11
271,1005,1,1,1900-01-01,1900-04-21
271,1005,1,3,1900-05-01,1900-06-21
271,100700,1,1,1900-02-01,1900-05-21
271,100700,1,3,1900-06-01,1900-06-21
271,100700,1,4,1900-12-01,1900-01-21
271,1001_00,1,4,1900-05-01,1900-06-11
271,1001_00,1,1,1900-06-21,1900-09-21
271,1001_00,1,3,1900-10-01,1900-11-11
